[64 Dense|256 Dense|16 Dense],sparse_categorical_crossentropy,8,50,50,[0.1863347738981247, 0.9741379022598267]
[4 Dense|16 Dense|256 Dense],sparse_categorical_crossentropy,8,50,50,[0.4044824540615082, 0.9353448152542114]
[256 Dense|128 Dense|8 Dense],sparse_categorical_crossentropy,8,50,50,[0.09581708163022995, 0.9784482717514038]
[4 Dense|128 Dense|256 Dense],sparse_categorical_crossentropy,8,50,50,[0.5238912105560303, 0.8017241358757019]
[2 Dense|128 Dense|32 Dense],sparse_categorical_crossentropy,8,50,50,[0.6413320899009705, 0.8017241358757019]
[256 Dense|2 Dense|8 Dense],sparse_categorical_crossentropy,8,50,50,[0.29785969853401184, 0.9482758641242981]
[2 Dense|4 Dense|32 Dense],sparse_categorical_crossentropy,8,50,50,[0.7637317180633545, 0.7241379022598267]
[256 Dense|2 Dense],sparse_categorical_crossentropy,8,50,50,[1.185776710510254, 0.6465517282485962]
[128 Dense|2 Dense|4 Dense],sparse_categorical_crossentropy,8,50,50,[1.1857764720916748, 0.6465517282485962]
[64 Dense|16 Dense|2 Dense],sparse_categorical_crossentropy,8,50,50,[0.26285991072654724, 0.9353448152542114]
[256 Dense|2 Dense|4 Dense],sparse_categorical_crossentropy,8,50,50,[1.185778021812439, 0.6465517282485962]
[128 Dense|16 Dense|128 Dense],sparse_categorical_crossentropy,8,50,50,[0.2731371223926544, 0.9741379022598267]
[32 Dense|16 Dense|2 Dense],sparse_categorical_crossentropy,8,50,50,[1.1857759952545166, 0.6465517282485962]
[256 Dense],sparse_categorical_crossentropy,8,50,50,[0.3425483703613281, 0.9568965435028076]
[256 Dense|256 Dense],sparse_categorical_crossentropy,8,50,50,[0.2664566934108734, 0.9525862336158752]
[4 Dense|8 Dense|4 Dense],sparse_categorical_crossentropy,8,50,50,[0.35566115379333496, 0.8405172228813171]
[128 Dense|8 Dense],sparse_categorical_crossentropy,8,50,50,[0.3248344957828522, 0.9568965435028076]
[16 Dense|16 Dense|8 Dense],sparse_categorical_crossentropy,8,50,50,[0.12663109600543976, 0.9698275923728943]
[64 Dense|32 Dense|64 Dense],sparse_categorical_crossentropy,8,50,50,[0.21507775783538818, 0.9525862336158752]
[128 Dense|2 Dense|8 Dense],sparse_categorical_crossentropy,8,50,50,[1.1813887357711792, 0.6465517282485962]
[16 Dense|2 Dense|4 Dense],sparse_categorical_crossentropy,8,50,50,[0.5476574897766113, 0.7715517282485962]
[8 Dense|2 Dense|128 Dense],sparse_categorical_crossentropy,8,50,50,[0.862014889717102, 0.75]
[8 Dense|128 Dense],sparse_categorical_crossentropy,8,50,50,[0.31594666838645935, 0.9741379022598267]
[32 Dense|2 Dense|8 Dense],sparse_categorical_crossentropy,8,50,50,[0.3575630486011505, 0.9051724076271057]
[64 Dense|32 Dense|16 Dense],sparse_categorical_crossentropy,8,50,50,[0.22716043889522552, 0.9698275923728943]
[4 Dense|128 Dense|128 Dense],sparse_categorical_crossentropy,8,50,50,[0.6554537415504456, 0.7543103694915771]
[64 Dense|256 Dense|128 Dense],sparse_categorical_crossentropy,8,50,50,[0.1371055692434311, 0.9784482717514038]
[256 Dense|2 Dense|64 Dense],sparse_categorical_crossentropy,8,50,50,[0.6792845726013184, 0.8318965435028076]
[4 Dense|64 Dense|4 Dense],sparse_categorical_crossentropy,8,50,50,[0.3450676500797272, 0.9051724076271057]
[32 Dense|128 Dense|2 Dense],sparse_categorical_crossentropy,8,50,50,[0.7863348126411438, 0.7629310488700867]
[32 Dense|4 Dense|64 Dense],sparse_categorical_crossentropy,8,50,50,[0.3471021056175232, 0.9568965435028076]
[4 Dense|2 Dense|8 Dense],sparse_categorical_crossentropy,8,50,50,[0.7518097162246704, 0.7198275923728943]
[8 Dense|8 Dense|64 Dense],sparse_categorical_crossentropy,8,50,50,[0.3950470983982086, 0.9612069129943848]
[2 Dense|64 Dense|256 Dense],sparse_categorical_crossentropy,8,50,50,[0.6667096614837646, 0.8017241358757019]
[16 Dense|64 Dense],sparse_categorical_crossentropy,8,50,50,[0.24923405051231384, 0.9612069129943848]
[2 Dense|256 Dense],sparse_categorical_crossentropy,8,50,50,[0.4406300187110901, 0.8534482717514038]
[128 Dense|256 Dense|128 Dense],sparse_categorical_crossentropy,8,50,50,[0.9027795195579529, 0.892241358757019]
[16 Dense|16 Dense|16 Dense],sparse_categorical_crossentropy,8,50,50,[0.1323237419128418, 0.9655172228813171]
[32 Dense|16 Dense|16 Dense],sparse_categorical_crossentropy,8,50,50,[0.19026318192481995, 0.9568965435028076]
[4 Dense|2 Dense|128 Dense],sparse_categorical_crossentropy,8,50,50,[1.1857762336730957, 0.6465517282485962]
[2 Dense|2 Dense|2 Dense],sparse_categorical_crossentropy,8,50,50,[1.1857762336730957, 0.6465517282485962]
[32 Dense|128 Dense|8 Dense],sparse_categorical_crossentropy,8,50,50,[0.2995697855949402, 0.9525862336158752]
[32 Dense|32 Dense|64 Dense],sparse_categorical_crossentropy,8,50,50,[0.13753657042980194, 0.9698275923728943]
[64 Dense|16 Dense|4 Dense],sparse_categorical_crossentropy,8,50,50,[0.1865009218454361, 0.9655172228813171]
[4 Dense|8 Dense],sparse_categorical_crossentropy,8,50,50,[0.38319131731987, 0.931034505367279]
[2 Dense|256 Dense|256 Dense],sparse_categorical_crossentropy,8,50,50,[0.30705493688583374, 0.9181034564971924]
[4 Dense|256 Dense|8 Dense],sparse_categorical_crossentropy,8,50,50,[0.30984070897102356, 0.9353448152542114]
[4 Dense|16 Dense|64 Dense],sparse_categorical_crossentropy,8,50,50,[0.36127644777297974, 0.9396551847457886]
[4 Dense|32 Dense|16 Dense],sparse_categorical_crossentropy,8,50,50,[0.4433053731918335, 0.8405172228813171]
[128 Dense|32 Dense],sparse_categorical_crossentropy,8,50,50,[0.2120284140110016, 0.9698275923728943]
[128 Dense|32 Dense|32 Dense],sparse_categorical_crossentropy,8,50,50,[0.2079891711473465, 0.9741379022598267]
[2 Dense|2 Dense],sparse_categorical_crossentropy,8,50,50,[0.762756884098053, 0.7068965435028076]
[32 Dense|4 Dense],sparse_categorical_crossentropy,8,50,50,[0.6873248815536499, 0.806034505367279]
[32 Dense|128 Dense|32 Dense],sparse_categorical_crossentropy,8,50,50,[0.18798458576202393, 0.9741379022598267]
[32 Dense|16 Dense|4 Dense],sparse_categorical_crossentropy,8,50,50,[0.28439468145370483, 0.9698275923728943]
[2 Dense|64 Dense|4 Dense],sparse_categorical_crossentropy,8,50,50,[0.7583751678466797, 0.7198275923728943]
[128 Dense|4 Dense|256 Dense],sparse_categorical_crossentropy,8,50,50,[0.16916559636592865, 0.9568965435028076]
[4 Dense|256 Dense|128 Dense],sparse_categorical_crossentropy,8,50,50,[0.2856639325618744, 0.9568965435028076]
[2 Dense|64 Dense|2 Dense],sparse_categorical_crossentropy,8,50,50,[0.762959361076355, 0.7198275923728943]
[16 Dense|4 Dense|2 Dense],sparse_categorical_crossentropy,8,50,50,[0.5560222864151001, 0.818965494632721]
[128 Dense|4 Dense|32 Dense],sparse_categorical_crossentropy,8,50,50,[0.1983453631401062, 0.9784482717514038]
[32 Dense|64 Dense|2 Dense],sparse_categorical_crossentropy,8,50,50,[0.18484030663967133, 0.9655172228813171]
[16 Dense|4 Dense|128 Dense],sparse_categorical_crossentropy,8,50,50,[0.28629928827285767, 0.9525862336158752]
[128 Dense|8 Dense|32 Dense],sparse_categorical_crossentropy,8,50,50,[0.3428986966609955, 0.943965494632721]
[64 Dense|32 Dense|4 Dense],sparse_categorical_crossentropy,8,50,50,[0.21758052706718445, 0.9698275923728943]
[4 Dense|128 Dense|16 Dense],sparse_categorical_crossentropy,8,50,50,[0.3106507658958435, 0.9568965435028076]
[32 Dense|128 Dense|256 Dense],sparse_categorical_crossentropy,8,50,50,[0.18387684226036072, 0.9698275923728943]
[32 Dense|2 Dense|2 Dense],sparse_categorical_crossentropy,8,50,50,[0.5583437085151672, 0.8362069129943848]
[32 Dense|16 Dense|8 Dense],sparse_categorical_crossentropy,8,50,50,[0.2143213301897049, 0.9698275923728943]
[2 Dense|8 Dense|256 Dense],sparse_categorical_crossentropy,8,50,50,[0.36379092931747437, 0.9051724076271057]
[64 Dense|128 Dense|16 Dense],sparse_categorical_crossentropy,8,50,50,[0.16336196660995483, 0.9612069129943848]
[64 Dense|64 Dense],sparse_categorical_crossentropy,8,50,50,[0.3137263357639313, 0.9525862336158752]
[64 Dense|256 Dense|2 Dense],sparse_categorical_crossentropy,8,50,50,[1.1857762336730957, 0.6465517282485962]
[16 Dense|64 Dense|128 Dense],sparse_categorical_crossentropy,8,50,50,[0.24983301758766174, 0.9612069129943848]
[64 Dense|64 Dense|128 Dense],sparse_categorical_crossentropy,8,50,50,[0.19331225752830505, 0.9784482717514038]
[64 Dense|2 Dense|256 Dense],sparse_categorical_crossentropy,8,50,50,[0.41761043667793274, 0.9137930870056152]
[4 Dense|8 Dense|32 Dense],sparse_categorical_crossentropy,8,50,50,[0.388228178024292, 0.857758641242981]
[128 Dense|2 Dense|64 Dense],sparse_categorical_crossentropy,8,50,50,[0.2655406594276428, 0.9655172228813171]
[8 Dense|32 Dense|2 Dense],sparse_categorical_crossentropy,8,50,50,[0.3901071846485138, 0.8534482717514038]
[128 Dense|16 Dense|2 Dense],sparse_categorical_crossentropy,8,50,50,[1.1857762336730957, 0.6465517282485962]
[16 Dense|256 Dense|32 Dense],sparse_categorical_crossentropy,8,50,50,[0.281047523021698, 0.9698275923728943]
[4 Dense|4 Dense|2 Dense],sparse_categorical_crossentropy,8,50,50,[1.1857762336730957, 0.6465517282485962]
[4 Dense|2 Dense|32 Dense],sparse_categorical_crossentropy,8,50,50,[0.37244680523872375, 0.8491379022598267]
[2 Dense|8 Dense|16 Dense],sparse_categorical_crossentropy,8,50,50,[0.43304696679115295, 0.892241358757019]
[128 Dense|256 Dense],sparse_categorical_crossentropy,8,50,50,[0.1562041938304901, 0.9655172228813171]
[256 Dense|128 Dense],sparse_categorical_crossentropy,8,50,50,[0.2280440330505371, 0.9568965435028076]
[256 Dense|64 Dense|8 Dense],sparse_categorical_crossentropy,8,50,50,[0.19610799849033356, 0.9698275923728943]
[64 Dense|16 Dense|128 Dense],sparse_categorical_crossentropy,8,50,50,[0.24839796125888824, 0.9568965435028076]
[16 Dense|4 Dense|256 Dense],sparse_categorical_crossentropy,8,50,50,[0.27219876646995544, 0.9655172228813171]
[8 Dense|2 Dense|256 Dense],sparse_categorical_crossentropy,8,50,50,[0.7042778730392456, 0.75]
[4 Dense|128 Dense|2 Dense],sparse_categorical_crossentropy,8,50,50,[0.39184948801994324, 0.875]
[256 Dense|4 Dense|4 Dense],sparse_categorical_crossentropy,8,50,50,[0.1846933811903, 0.9612069129943848]
[8 Dense|256 Dense|256 Dense],sparse_categorical_crossentropy,8,50,50,[0.23296599090099335, 0.9741379022598267]
[16 Dense|64 Dense|64 Dense],sparse_categorical_crossentropy,8,50,50,[0.29835230112075806, 0.9698275923728943]
[16 Dense|8 Dense|16 Dense],sparse_categorical_crossentropy,8,50,50,[0.23924601078033447, 0.9784482717514038]
[256 Dense|16 Dense|32 Dense],sparse_categorical_crossentropy,8,50,50,[0.25093385577201843, 0.9568965435028076]
[64 Dense|64 Dense|256 Dense],sparse_categorical_crossentropy,8,50,50,[0.2853199541568756, 0.9655172228813171]
[256 Dense|8 Dense|4 Dense],sparse_categorical_crossentropy,8,50,50,[1.1857765913009644, 0.6465517282485962]
[32 Dense|256 Dense|256 Dense],sparse_categorical_crossentropy,8,50,50,[0.12834283709526062, 0.9784482717514038]
[32 Dense|256 Dense|4 Dense],sparse_categorical_crossentropy,8,50,50,[0.3197162449359894, 0.9568965435028076]
[16 Dense|8 Dense|256 Dense],sparse_categorical_crossentropy,8,50,50,[0.2275480031967163, 0.9525862336158752]
[2 Dense|2 Dense|64 Dense],sparse_categorical_crossentropy,8,50,50,[0.7189121842384338, 0.7284482717514038]
[4 Dense|16 Dense|128 Dense],sparse_categorical_crossentropy,8,50,50,[0.6362736821174622, 0.8146551847457886]
[32 Dense|8 Dense|32 Dense],sparse_categorical_crossentropy,8,50,50,[0.3323618769645691, 0.9612069129943848]
[2 Dense|16 Dense|32 Dense],sparse_categorical_crossentropy,8,50,50,[0.7364190220832825, 0.806034505367279]
[16 Dense|8 Dense|8 Dense],sparse_categorical_crossentropy,8,50,50,[0.24328170716762543, 0.9612069129943848]
[4 Dense|8 Dense|256 Dense],sparse_categorical_crossentropy,8,50,50,[0.2960636019706726, 0.8879310488700867]
[128 Dense|32 Dense|256 Dense],sparse_categorical_crossentropy,8,50,50,[0.18577878177165985, 0.9741379022598267]
[2 Dense|4 Dense|16 Dense],sparse_categorical_crossentropy,8,50,50,[0.7489022612571716, 0.7241379022598267]
[16 Dense|256 Dense|2 Dense],sparse_categorical_crossentropy,8,50,50,[0.3152390122413635, 0.9612069129943848]
[32 Dense|32 Dense|2 Dense],sparse_categorical_crossentropy,8,50,50,[1.1857761144638062, 0.6465517282485962]
[16 Dense|128 Dense|256 Dense],sparse_categorical_crossentropy,8,50,50,[0.4691202938556671, 0.9612069129943848]
[16 Dense|4 Dense|64 Dense],sparse_categorical_crossentropy,8,50,50,[0.5293097496032715, 0.818965494632721]
[2 Dense|256 Dense|16 Dense],sparse_categorical_crossentropy,8,50,50,[0.9656481146812439, 0.6896551847457886]
[16 Dense|32 Dense|32 Dense],sparse_categorical_crossentropy,8,50,50,[0.12929600477218628, 0.982758641242981]
[2 Dense|4 Dense|4 Dense],sparse_categorical_crossentropy,8,50,50,[1.145816445350647, 0.6465517282485962]
[32 Dense|4 Dense|4 Dense],sparse_categorical_crossentropy,8,50,50,[1.1812362670898438, 0.6465517282485962]
[4 Dense|256 Dense|2 Dense],sparse_categorical_crossentropy,8,50,50,[1.1857762336730957, 0.6465517282485962]
[64 Dense|64 Dense|2 Dense],sparse_categorical_crossentropy,8,50,50,[1.1857762336730957, 0.6465517282485962]
[2 Dense|16 Dense|8 Dense],sparse_categorical_crossentropy,8,50,50,[0.5246573686599731, 0.8232758641242981]
[16 Dense|256 Dense|64 Dense],sparse_categorical_crossentropy,8,50,50,[0.2833704650402069, 0.9784482717514038]
[128 Dense|128 Dense|2 Dense],sparse_categorical_crossentropy,8,50,50,[1.1857764720916748, 0.6465517282485962]
[64 Dense|2 Dense|64 Dense],sparse_categorical_crossentropy,8,50,50,[0.48490166664123535, 0.892241358757019]
[256 Dense|64 Dense|16 Dense],sparse_categorical_crossentropy,8,50,50,[0.16364145278930664, 0.9741379022598267]
[128 Dense|4 Dense|16 Dense],sparse_categorical_crossentropy,8,50,50,[0.6232553124427795, 0.7758620977401733]
[128 Dense|256 Dense|64 Dense],sparse_categorical_crossentropy,8,50,50,[0.17460395395755768, 0.9741379022598267]
[2 Dense|256 Dense|128 Dense],sparse_categorical_crossentropy,8,50,50,[0.5238882303237915, 0.8232758641242981]
[128 Dense|256 Dense|256 Dense],sparse_categorical_crossentropy,8,50,50,[0.2889598608016968, 0.9568965435028076]
[4 Dense|16 Dense|16 Dense],sparse_categorical_crossentropy,8,50,50,[0.3522670567035675, 0.9008620977401733]
[64 Dense|32 Dense|256 Dense],sparse_categorical_crossentropy,8,50,50,[0.14007943868637085, 0.9741379022598267]
[128 Dense|16 Dense|16 Dense],sparse_categorical_crossentropy,8,50,50,[0.39476278424263, 0.9525862336158752]
[128 Dense|64 Dense|256 Dense],sparse_categorical_crossentropy,8,50,50,[0.20364072918891907, 0.9741379022598267]
[64 Dense|256 Dense|64 Dense],sparse_categorical_crossentropy,8,50,50,[0.1780053824186325, 0.9741379022598267]
[128 Dense|128 Dense|8 Dense],sparse_categorical_crossentropy,8,50,50,[0.09689711779356003, 0.9741379022598267]
[8 Dense|16 Dense|64 Dense],sparse_categorical_crossentropy,8,50,50,[0.3426729440689087, 0.9655172228813171]
[128 Dense|2 Dense|2 Dense],sparse_categorical_crossentropy,8,50,50,[1.1857764720916748, 0.6465517282485962]
[32 Dense|2 Dense|16 Dense],sparse_categorical_crossentropy,8,50,50,[1.1812626123428345, 0.6465517282485962]
[8 Dense|64 Dense|16 Dense],sparse_categorical_crossentropy,8,50,50,[0.2058517336845398, 0.9698275923728943]
[256 Dense|64 Dense|128 Dense],sparse_categorical_crossentropy,8,50,50,[0.19538775086402893, 0.9698275923728943]
[64 Dense|256 Dense|256 Dense],sparse_categorical_crossentropy,8,50,50,[0.2607421875, 0.9655172228813171]
[256 Dense|8 Dense|128 Dense],sparse_categorical_crossentropy,8,50,50,[0.1445440798997879, 0.9698275923728943]
[32 Dense|256 Dense|128 Dense],sparse_categorical_crossentropy,8,50,50,[0.2690924406051636, 0.9612069129943848]
[4 Dense|256 Dense|256 Dense],sparse_categorical_crossentropy,8,50,50,[0.6169108748435974, 0.806034505367279]
[128 Dense|32 Dense|16 Dense],sparse_categorical_crossentropy,8,50,50,[0.28931885957717896, 0.943965494632721]
[8 Dense|4 Dense],sparse_categorical_crossentropy,8,50,50,[0.25856104493141174, 0.9741379022598267]
[8 Dense|2 Dense|64 Dense],sparse_categorical_crossentropy,8,50,50,[0.5180782079696655, 0.7844827771186829]
[8 Dense|32 Dense|32 Dense],sparse_categorical_crossentropy,8,50,50,[0.32409045100212097, 0.9698275923728943]
[16 Dense|2 Dense|8 Dense],sparse_categorical_crossentropy,8,50,50,[0.4279327690601349, 0.9396551847457886]
[32 Dense|16 Dense|128 Dense],sparse_categorical_crossentropy,8,50,50,[0.32874006032943726, 0.9698275923728943]
[4 Dense|32 Dense|64 Dense],sparse_categorical_crossentropy,8,50,50,[0.40431490540504456, 0.9181034564971924]
[128 Dense|8 Dense|16 Dense],sparse_categorical_crossentropy,8,50,50,[0.3241141140460968, 0.9698275923728943]
[2 Dense|16 Dense|128 Dense],sparse_categorical_crossentropy,8,50,50,[0.5235792398452759, 0.8620689511299133]
[2 Dense|256 Dense|32 Dense],sparse_categorical_crossentropy,8,50,50,[0.5595511794090271, 0.7931034564971924]
[2 Dense|2 Dense|16 Dense],sparse_categorical_crossentropy,8,50,50,[0.5205761790275574, 0.8232758641242981]
[2 Dense|32 Dense],sparse_categorical_crossentropy,8,50,50,[0.2856670916080475, 0.9094827771186829]
[256 Dense|4 Dense|128 Dense],sparse_categorical_crossentropy,8,50,50,[0.18197588622570038, 0.9784482717514038]
[2 Dense|32 Dense|16 Dense],sparse_categorical_crossentropy,8,50,50,[0.6827239990234375, 0.732758641242981]
[256 Dense|256 Dense|2 Dense],sparse_categorical_crossentropy,8,50,50,[0.24788852035999298, 0.9784482717514038]
[4 Dense|64 Dense|128 Dense],sparse_categorical_crossentropy,8,50,50,[0.2625718414783478, 0.931034505367279]
[8 Dense|8 Dense|16 Dense],sparse_categorical_crossentropy,8,50,50,[0.3440762758255005, 0.9612069129943848]
[4 Dense|16 Dense|8 Dense],sparse_categorical_crossentropy,8,50,50,[0.6869829297065735, 0.7629310488700867]
[4 Dense|2 Dense|64 Dense],sparse_categorical_crossentropy,8,50,50,[0.5270673036575317, 0.8620689511299133]
[4 Dense|8 Dense|16 Dense],sparse_categorical_crossentropy,8,50,50,[0.47464677691459656, 0.8879310488700867]
[64 Dense|64 Dense|8 Dense],sparse_categorical_crossentropy,8,50,50,[0.1362578570842743, 0.9655172228813171]
[128 Dense|32 Dense|64 Dense],sparse_categorical_crossentropy,8,50,50,[0.19118919968605042, 0.9525862336158752]
[2 Dense|128 Dense],sparse_categorical_crossentropy,8,50,50,[0.7365398406982422, 0.732758641242981]
[32 Dense|2 Dense|32 Dense],sparse_categorical_crossentropy,8,50,50,[0.5674634575843811, 0.8663793206214905]
[16 Dense|256 Dense|4 Dense],sparse_categorical_crossentropy,8,50,50,[0.2836543917655945, 0.9741379022598267]
[8 Dense|4 Dense|32 Dense],sparse_categorical_crossentropy,8,50,50,[0.2544965445995331, 0.9612069129943848]
[32 Dense|256 Dense|2 Dense],sparse_categorical_crossentropy,8,50,50,[0.4153982102870941, 0.9267241358757019]
[32 Dense|256 Dense|16 Dense],sparse_categorical_crossentropy,8,50,50,[0.2365066111087799, 0.9612069129943848]
[4 Dense|16 Dense|4 Dense],sparse_categorical_crossentropy,8,50,50,[0.46261075139045715, 0.9051724076271057]
[256 Dense|32 Dense|8 Dense],sparse_categorical_crossentropy,8,50,50,[0.33184587955474854, 0.9482758641242981]
[128 Dense|128 Dense|256 Dense],sparse_categorical_crossentropy,8,50,50,[0.20878025889396667, 0.9741379022598267]
[128 Dense|16 Dense],sparse_categorical_crossentropy,8,50,50,[0.20891167223453522, 0.9698275923728943]
[256 Dense|16 Dense|4 Dense],sparse_categorical_crossentropy,8,50,50,[0.1565970480442047, 0.9698275923728943]
[64 Dense|128 Dense|8 Dense],sparse_categorical_crossentropy,8,50,50,[0.2681960463523865, 0.9655172228813171]
[8 Dense|4 Dense|256 Dense],sparse_categorical_crossentropy,8,50,50,[0.30441319942474365, 0.9525862336158752]
[128 Dense|128 Dense|4 Dense],sparse_categorical_crossentropy,8,50,50,[0.45495572686195374, 0.9612069129943848]
[8 Dense|32 Dense],sparse_categorical_crossentropy,8,50,50,[0.19337235391139984, 0.9525862336158752]
[32 Dense|8 Dense],sparse_categorical_crossentropy,8,50,50,[0.2778172791004181, 0.9655172228813171]
[128 Dense|128 Dense|64 Dense],sparse_categorical_crossentropy,8,50,50,[0.25325751304626465, 0.9568965435028076]
[16 Dense|8 Dense|128 Dense],sparse_categorical_crossentropy,8,50,50,[0.2776377201080322, 0.9655172228813171]
[16 Dense|64 Dense|4 Dense],sparse_categorical_crossentropy,8,50,50,[0.32667896151542664, 0.9224137663841248]
[128 Dense|32 Dense|128 Dense],sparse_categorical_crossentropy,8,50,50,[0.16005408763885498, 0.9741379022598267]
[256 Dense|128 Dense|4 Dense],sparse_categorical_crossentropy,8,50,50,[1.1857781410217285, 0.6465517282485962]
[4 Dense|8 Dense|64 Dense],sparse_categorical_crossentropy,8,50,50,[0.2505495250225067, 0.9525862336158752]
[256 Dense|256 Dense|256 Dense],sparse_categorical_crossentropy,8,50,50,[0.13491646945476532, 0.982758641242981]
[8 Dense|16 Dense],sparse_categorical_crossentropy,8,50,50,[0.22587110102176666, 0.9698275923728943]
[4 Dense|32 Dense|2 Dense],sparse_categorical_crossentropy,8,50,50,[0.4997633099555969, 0.8448275923728943]
[16 Dense|16 Dense|128 Dense],sparse_categorical_crossentropy,8,50,50,[0.21518582105636597, 0.9655172228813171]
[32 Dense|256 Dense|8 Dense],sparse_categorical_crossentropy,8,50,50,[0.26982948184013367, 0.9612069129943848]
[256 Dense|128 Dense|256 Dense],sparse_categorical_crossentropy,8,50,50,[0.1917952299118042, 0.9741379022598267]
[128 Dense|4 Dense],sparse_categorical_crossentropy,8,50,50,[0.2784678041934967, 0.9612069129943848]
[4 Dense|2 Dense],sparse_categorical_crossentropy,8,50,50,[0.7720205187797546, 0.7068965435028076]
[2 Dense|8 Dense],sparse_categorical_crossentropy,8,50,50,[0.5080941915512085, 0.8706896305084229]
[16 Dense|2 Dense|2 Dense],sparse_categorical_crossentropy,8,50,50,[0.42801645398139954, 0.8491379022598267]
[2 Dense|32 Dense|8 Dense],sparse_categorical_crossentropy,8,50,50,[0.6224492192268372, 0.75]
[128 Dense|4 Dense|128 Dense],sparse_categorical_crossentropy,8,50,50,[0.24090160429477692, 0.9612069129943848]
[16 Dense|16 Dense|2 Dense],sparse_categorical_crossentropy,8,50,50,[1.1857765913009644, 0.6465517282485962]
[64 Dense|8 Dense|16 Dense],sparse_categorical_crossentropy,8,50,50,[0.36055099964141846, 0.9612069129943848]
[8 Dense|8 Dense|128 Dense],sparse_categorical_crossentropy,8,50,50,[0.4030400216579437, 0.931034505367279]
[64 Dense|2 Dense|32 Dense],sparse_categorical_crossentropy,8,50,50,[0.5303782224655151, 0.8318965435028076]
[8 Dense|128 Dense|128 Dense],sparse_categorical_crossentropy,8,50,50,[0.5148791670799255, 0.943965494632721]
[128 Dense|4 Dense|64 Dense],sparse_categorical_crossentropy,8,50,50,[0.14314019680023193, 0.9784482717514038]
[8 Dense|64 Dense|32 Dense],sparse_categorical_crossentropy,8,50,50,[0.2891943156719208, 0.9612069129943848]
[4 Dense|8 Dense|128 Dense],sparse_categorical_crossentropy,8,50,50,[0.3712632954120636, 0.9008620977401733]
[64 Dense|4 Dense|128 Dense],sparse_categorical_crossentropy,8,50,50,[0.4306967854499817, 0.9482758641242981]
[8 Dense|4 Dense|4 Dense],sparse_categorical_crossentropy,8,50,50,[0.3763604462146759, 0.8706896305084229]
[16 Dense|128 Dense],sparse_categorical_crossentropy,8,50,50,[0.1700393706560135, 0.9655172228813171]
[16 Dense|32 Dense],sparse_categorical_crossentropy,8,50,50,[0.18516859412193298, 0.9784482717514038]
[256 Dense|32 Dense],sparse_categorical_crossentropy,8,50,50,[0.27890604734420776, 0.9568965435028076]
[128 Dense|4 Dense|4 Dense],sparse_categorical_crossentropy,8,50,50,[0.5643806457519531, 0.8534482717514038]
[8 Dense|128 Dense|256 Dense],sparse_categorical_crossentropy,8,50,50,[0.4393617510795593, 0.9525862336158752]
[64 Dense|32 Dense],sparse_categorical_crossentropy,8,50,50,[0.19570010900497437, 0.9655172228813171]
[256 Dense|32 Dense|64 Dense],sparse_categorical_crossentropy,8,50,50,[0.19591867923736572, 0.9741379022598267]
[32 Dense|32 Dense|128 Dense],sparse_categorical_crossentropy,8,50,50,[0.235971137881279, 0.9525862336158752]
[8 Dense|4 Dense|128 Dense],sparse_categorical_crossentropy,8,50,50,[0.2971869111061096, 0.9612069129943848]
[8 Dense],sparse_categorical_crossentropy,8,50,50,[0.20087195932865143, 0.9698275923728943]
[8 Dense|8 Dense|4 Dense],sparse_categorical_crossentropy,8,50,50,[1.1857761144638062, 0.6465517282485962]
[32 Dense|64 Dense|256 Dense],sparse_categorical_crossentropy,8,50,50,[0.21736763417720795, 0.9784482717514038]
[2 Dense|32 Dense|4 Dense],sparse_categorical_crossentropy,8,50,50,[0.7335940599441528, 0.732758641242981]
[16 Dense|8 Dense|32 Dense],sparse_categorical_crossentropy,8,50,50,[0.35441380739212036, 0.9525862336158752]
[8 Dense|64 Dense],sparse_categorical_crossentropy,8,50,50,[0.37433817982673645, 0.9525862336158752]
[8 Dense|256 Dense|128 Dense],sparse_categorical_crossentropy,8,50,50,[0.24122276902198792, 0.9698275923728943]
[32 Dense|2 Dense|128 Dense],sparse_categorical_crossentropy,8,50,50,[0.33924463391304016, 0.9568965435028076]
[4 Dense|64 Dense|2 Dense],sparse_categorical_crossentropy,8,50,50,[0.667959988117218, 0.7844827771186829]
[32 Dense|32 Dense|8 Dense],sparse_categorical_crossentropy,8,50,50,[0.21713081002235413, 0.9612069129943848]
[64 Dense|2 Dense|128 Dense],sparse_categorical_crossentropy,8,50,50,[0.29541003704071045, 0.9525862336158752]
[16 Dense|32 Dense|2 Dense],sparse_categorical_crossentropy,8,50,50,[0.5588033199310303, 0.7801724076271057]
[16 Dense|8 Dense|64 Dense],sparse_categorical_crossentropy,8,50,50,[0.3849077522754669, 0.9568965435028076]
[256 Dense|8 Dense|16 Dense],sparse_categorical_crossentropy,8,50,50,[0.12177794426679611, 0.9784482717514038]
[2 Dense|16 Dense|64 Dense],sparse_categorical_crossentropy,8,50,50,[0.5331796407699585, 0.8146551847457886]
[2 Dense|16 Dense|4 Dense],sparse_categorical_crossentropy,8,50,50,[1.1857762336730957, 0.6465517282485962]
[8 Dense|128 Dense|64 Dense],sparse_categorical_crossentropy,8,50,50,[0.2906157076358795, 0.931034505367279]
[256 Dense|64 Dense|64 Dense],sparse_categorical_crossentropy,8,50,50,[0.3063261806964874, 0.9698275923728943]
[8 Dense|32 Dense|4 Dense],sparse_categorical_crossentropy,8,50,50,[0.1368492692708969, 0.9612069129943848]
[32 Dense|32 Dense|32 Dense],sparse_categorical_crossentropy,8,50,50,[0.24816010892391205, 0.9698275923728943]
[32 Dense|128 Dense|4 Dense],sparse_categorical_crossentropy,8,50,50,[0.2627294361591339, 0.9267241358757019]
[8 Dense|8 Dense|8 Dense],sparse_categorical_crossentropy,8,50,50,[0.22583623230457306, 0.9396551847457886]
[2 Dense|4 Dense|8 Dense],sparse_categorical_crossentropy,8,50,50,[0.7319583892822266, 0.7370689511299133]
[4 Dense|256 Dense|16 Dense],sparse_categorical_crossentropy,8,50,50,[0.45498964190483093, 0.8836206793785095]
[256 Dense|64 Dense|32 Dense],sparse_categorical_crossentropy,8,50,50,[0.25703948736190796, 0.9568965435028076]
[4 Dense|64 Dense|16 Dense],sparse_categorical_crossentropy,8,50,50,[0.3161509335041046, 0.9655172228813171]
[16 Dense|8 Dense|4 Dense],sparse_categorical_crossentropy,8,50,50,[0.24523283541202545, 0.9698275923728943]
[128 Dense|32 Dense|8 Dense],sparse_categorical_crossentropy,8,50,50,[0.5394811630249023, 0.9525862336158752]
[256 Dense|4 Dense|8 Dense],sparse_categorical_crossentropy,8,50,50,[0.20516158640384674, 0.9698275923728943]
[256 Dense|16 Dense|16 Dense],sparse_categorical_crossentropy,8,50,50,[0.13410954177379608, 0.9698275923728943]
[16 Dense|4 Dense|32 Dense],sparse_categorical_crossentropy,8,50,50,[0.3250720798969269, 0.9568965435028076]
[4 Dense|128 Dense|64 Dense],sparse_categorical_crossentropy,8,50,50,[0.22396939992904663, 0.9655172228813171]
[2 Dense|32 Dense|32 Dense],sparse_categorical_crossentropy,8,50,50,[0.3063218891620636, 0.9181034564971924]
[256 Dense|128 Dense|32 Dense],sparse_categorical_crossentropy,8,50,50,[0.12726427614688873, 0.9784482717514038]
[32 Dense|2 Dense],sparse_categorical_crossentropy,8,50,50,[0.3483276069164276, 0.9568965435028076]
[64 Dense|16 Dense|64 Dense],sparse_categorical_crossentropy,8,50,50,[0.2807530164718628, 0.9784482717514038]
[16 Dense|32 Dense|4 Dense],sparse_categorical_crossentropy,8,50,50,[0.19731292128562927, 0.9698275923728943]
[16 Dense|16 Dense|4 Dense],sparse_categorical_crossentropy,8,50,50,[0.3132248520851135, 0.943965494632721]
[64 Dense|2 Dense|8 Dense],sparse_categorical_crossentropy,8,50,50,[0.36751487851142883, 0.9482758641242981]
[4 Dense|32 Dense|4 Dense],sparse_categorical_crossentropy,8,50,50,[1.1842637062072754, 0.6465517282485962]
[8 Dense|64 Dense|4 Dense],sparse_categorical_crossentropy,8,50,50,[0.34187278151512146, 0.9568965435028076]
[8 Dense|16 Dense|2 Dense],sparse_categorical_crossentropy,8,50,50,[1.1857757568359375, 0.6465517282485962]
[128 Dense|32 Dense|2 Dense],sparse_categorical_crossentropy,8,50,50,[0.26790738105773926, 0.943965494632721]
[256 Dense|16 Dense|128 Dense],sparse_categorical_crossentropy,8,50,50,[0.1792944222688675, 0.9698275923728943]
[16 Dense|2 Dense|32 Dense],sparse_categorical_crossentropy,8,50,50,[0.3476291298866272, 0.9181034564971924]
[32 Dense|128 Dense|16 Dense],sparse_categorical_crossentropy,8,50,50,[0.16790714859962463, 0.9612069129943848]
[64 Dense|4 Dense|4 Dense],sparse_categorical_crossentropy,8,50,50,[0.23005208373069763, 0.9655172228813171]
[128 Dense|256 Dense|32 Dense],sparse_categorical_crossentropy,8,50,50,[0.1421659290790558, 0.9655172228813171]
[32 Dense|2 Dense|4 Dense],sparse_categorical_crossentropy,8,50,50,[1.1857761144638062, 0.6465517282485962]
[16 Dense|64 Dense|8 Dense],sparse_categorical_crossentropy,8,50,50,[0.2220655381679535, 0.9698275923728943]
[32 Dense|2 Dense|256 Dense],sparse_categorical_crossentropy,8,50,50,[0.6299204230308533, 0.9267241358757019]
[64 Dense|8 Dense],sparse_categorical_crossentropy,8,50,50,[0.1919526606798172, 0.9655172228813171]
[128 Dense|16 Dense|32 Dense],sparse_categorical_crossentropy,8,50,50,[0.3099057674407959, 0.9482758641242981]
[256 Dense|16 Dense],sparse_categorical_crossentropy,8,50,50,[0.41278788447380066, 0.9525862336158752]
[32 Dense|4 Dense|32 Dense],sparse_categorical_crossentropy,8,50,50,[0.5827158093452454, 0.8793103694915771]
[64 Dense|8 Dense|4 Dense],sparse_categorical_crossentropy,8,50,50,[0.4535234272480011, 0.9612069129943848]
[64 Dense|4 Dense|16 Dense],sparse_categorical_crossentropy,8,50,50,[0.13337120413780212, 0.9698275923728943]
[32 Dense],sparse_categorical_crossentropy,8,50,50,[0.2014087587594986, 0.9655172228813171]
[128 Dense|4 Dense|2 Dense],sparse_categorical_crossentropy,8,50,50,[0.35724738240242004, 0.9482758641242981]
[32 Dense|256 Dense|64 Dense],sparse_categorical_crossentropy,8,50,50,[0.3214699327945709, 0.9741379022598267]
[4 Dense|16 Dense|2 Dense],sparse_categorical_crossentropy,8,50,50,[1.1857731342315674, 0.6465517282485962]
[64 Dense|2 Dense|16 Dense],sparse_categorical_crossentropy,8,50,50,[0.2454192191362381, 0.9698275923728943]
[2 Dense],sparse_categorical_crossentropy,8,50,50,[0.35729390382766724, 0.9051724076271057]
[64 Dense|256 Dense],sparse_categorical_crossentropy,8,50,50,[0.1458742767572403, 0.9698275923728943]
[4 Dense],sparse_categorical_crossentropy,8,50,50,[1.1859173774719238, 0.6465517282485962]
[4 Dense|2 Dense|4 Dense],sparse_categorical_crossentropy,8,50,50,[0.6403566002845764, 0.7241379022598267]
[8 Dense|2 Dense|2 Dense],sparse_categorical_crossentropy,8,50,50,[0.3787943720817566, 0.875]
[8 Dense|4 Dense|16 Dense],sparse_categorical_crossentropy,8,50,50,[0.5158795118331909, 0.8879310488700867]
[128 Dense|64 Dense|64 Dense],sparse_categorical_crossentropy,8,50,50,[0.3287450075149536, 0.9525862336158752]
[16 Dense|16 Dense|64 Dense],sparse_categorical_crossentropy,8,50,50,[0.3366483151912689, 0.9482758641242981]
[8 Dense|16 Dense|8 Dense],sparse_categorical_crossentropy,8,50,50,[0.23208817839622498, 0.9741379022598267]
[2 Dense|4 Dense|128 Dense],sparse_categorical_crossentropy,8,50,50,[0.4294004738330841, 0.8362069129943848]
[8 Dense|256 Dense],sparse_categorical_crossentropy,8,50,50,[0.24740928411483765, 0.9612069129943848]
[128 Dense|2 Dense],sparse_categorical_crossentropy,8,50,50,[0.18302136659622192, 0.9612069129943848]
[2 Dense|16 Dense|256 Dense],sparse_categorical_crossentropy,8,50,50,[0.4060107469558716, 0.9008620977401733]
[128 Dense|2 Dense|32 Dense],sparse_categorical_crossentropy,8,50,50,[0.14951381087303162, 0.9784482717514038]
[64 Dense|128 Dense|256 Dense],sparse_categorical_crossentropy,8,50,50,[0.1940164864063263, 0.9741379022598267]
[64 Dense|64 Dense|4 Dense],sparse_categorical_crossentropy,8,50,50,[0.46028828620910645, 0.9655172228813171]
[256 Dense|16 Dense|8 Dense],sparse_categorical_crossentropy,8,50,50,[0.2243044525384903, 0.9741379022598267]
[256 Dense|4 Dense|32 Dense],sparse_categorical_crossentropy,8,50,50,[0.16021166741847992, 0.9784482717514038]
[2 Dense|128 Dense|4 Dense],sparse_categorical_crossentropy,8,50,50,[0.4207424521446228, 0.875]
[128 Dense|8 Dense|8 Dense],sparse_categorical_crossentropy,8,50,50,[0.22269374132156372, 0.9482758641242981]
[16 Dense|2 Dense],sparse_categorical_crossentropy,8,50,50,[0.2491956353187561, 0.931034505367279]
[4 Dense|4 Dense|8 Dense],sparse_categorical_crossentropy,8,50,50,[0.24607431888580322, 0.9612069129943848]
[8 Dense|4 Dense|2 Dense],sparse_categorical_crossentropy,8,50,50,[1.1857762336730957, 0.6465517282485962]
[32 Dense|4 Dense|16 Dense],sparse_categorical_crossentropy,8,50,50,[0.2606564164161682, 0.9655172228813171]
[256 Dense|4 Dense|16 Dense],sparse_categorical_crossentropy,8,50,50,[0.16282890737056732, 0.9612069129943848]
[4 Dense|128 Dense|32 Dense],sparse_categorical_crossentropy,8,50,50,[0.2770461440086365, 0.9482758641242981]
[2 Dense|32 Dense|128 Dense],sparse_categorical_crossentropy,8,50,50,[0.6693853735923767, 0.8448275923728943]
[256 Dense|32 Dense|256 Dense],sparse_categorical_crossentropy,8,50,50,[0.10232774168252945, 0.9784482717514038]
[128 Dense|64 Dense|32 Dense],sparse_categorical_crossentropy,8,50,50,[0.2491474151611328, 0.9655172228813171]
[32 Dense|2 Dense|64 Dense],sparse_categorical_crossentropy,8,50,50,[0.24739886820316315, 0.9525862336158752]
[32 Dense|32 Dense|256 Dense],sparse_categorical_crossentropy,8,50,50,[0.11672089993953705, 0.9698275923728943]
[32 Dense|64 Dense|32 Dense],sparse_categorical_crossentropy,8,50,50,[0.197746142745018, 0.9741379022598267]
[4 Dense|4 Dense|32 Dense],sparse_categorical_crossentropy,8,50,50,[0.31242406368255615, 0.943965494632721]
[16 Dense|256 Dense|8 Dense],sparse_categorical_crossentropy,8,50,50,[0.3006565272808075, 0.9655172228813171]
[16 Dense|64 Dense|256 Dense],sparse_categorical_crossentropy,8,50,50,[0.3126162588596344, 0.9568965435028076]
[256 Dense|4 Dense],sparse_categorical_crossentropy,8,50,50,[0.30021774768829346, 0.9784482717514038]
[256 Dense|4 Dense|64 Dense],sparse_categorical_crossentropy,8,50,50,[0.2946133017539978, 0.9741379022598267]
[64 Dense|256 Dense|4 Dense],sparse_categorical_crossentropy,8,50,50,[1.185777187347412, 0.6465517282485962]
[2 Dense|64 Dense],sparse_categorical_crossentropy,8,50,50,[0.5195603370666504, 0.857758641242981]
[128 Dense|128 Dense|128 Dense],sparse_categorical_crossentropy,8,50,50,[0.23883958160877228, 0.9741379022598267]
[8 Dense|8 Dense|32 Dense],sparse_categorical_crossentropy,8,50,50,[0.32216963171958923, 0.9698275923728943]
[32 Dense|64 Dense|4 Dense],sparse_categorical_crossentropy,8,50,50,[0.30292579531669617, 0.9655172228813171]
[32 Dense|32 Dense|16 Dense],sparse_categorical_crossentropy,8,50,50,[0.1927809715270996, 0.9525862336158752]
[16 Dense|128 Dense|16 Dense],sparse_categorical_crossentropy,8,50,50,[0.21369056403636932, 0.9741379022598267]
[256 Dense|4 Dense|2 Dense],sparse_categorical_crossentropy,8,50,50,[1.1857762336730957, 0.6465517282485962]
[32 Dense|4 Dense|128 Dense],sparse_categorical_crossentropy,8,50,50,[0.34876129031181335, 0.9568965435028076]
[8 Dense|32 Dense|256 Dense],sparse_categorical_crossentropy,8,50,50,[0.28303906321525574, 0.9525862336158752]
[16 Dense|4 Dense|16 Dense],sparse_categorical_crossentropy,8,50,50,[0.24329914152622223, 0.9612069129943848]
[256 Dense|128 Dense|16 Dense],sparse_categorical_crossentropy,8,50,50,[0.11856761574745178, 0.982758641242981]
[8 Dense|16 Dense|128 Dense],sparse_categorical_crossentropy,8,50,50,[0.29904356598854065, 0.9698275923728943]
[256 Dense|16 Dense|64 Dense],sparse_categorical_crossentropy,8,50,50,[0.15174192190170288, 0.9655172228813171]
[4 Dense|2 Dense|256 Dense],sparse_categorical_crossentropy,8,50,50,[0.3134534955024719, 0.943965494632721]
[32 Dense|32 Dense|4 Dense],sparse_categorical_crossentropy,8,50,50,[0.16285181045532227, 0.9784482717514038]
[128 Dense|64 Dense|4 Dense],sparse_categorical_crossentropy,8,50,50,[0.21810103952884674, 0.9612069129943848]
[16 Dense|256 Dense|128 Dense],sparse_categorical_crossentropy,8,50,50,[0.208228200674057, 0.9784482717514038]
[32 Dense|256 Dense|32 Dense],sparse_categorical_crossentropy,8,50,50,[0.1790560632944107, 0.9741379022598267]
[8 Dense|32 Dense|8 Dense],sparse_categorical_crossentropy,8,50,50,[0.18332110345363617, 0.9741379022598267]
[64 Dense|8 Dense|128 Dense],sparse_categorical_crossentropy,8,50,50,[0.40042707324028015, 0.9698275923728943]
[2 Dense|8 Dense|128 Dense],sparse_categorical_crossentropy,8,50,50,[0.35986047983169556, 0.8362069129943848]
[16 Dense],sparse_categorical_crossentropy,8,50,50,[0.2502796947956085, 0.9698275923728943]
[64 Dense|8 Dense|32 Dense],sparse_categorical_crossentropy,8,50,50,[0.3648495376110077, 0.9525862336158752]
[64 Dense|16 Dense|32 Dense],sparse_categorical_crossentropy,8,50,50,[0.23106954991817474, 0.9568965435028076]
[128 Dense|8 Dense|128 Dense],sparse_categorical_crossentropy,8,50,50,[0.29451876878738403, 0.9655172228813171]
[64 Dense|128 Dense|4 Dense],sparse_categorical_crossentropy,8,50,50,[0.195257768034935, 0.9784482717514038]
[4 Dense|16 Dense|32 Dense],sparse_categorical_crossentropy,8,50,50,[0.34151217341423035, 0.9008620977401733]
[64 Dense|2 Dense|4 Dense],sparse_categorical_crossentropy,8,50,50,[0.6357184052467346, 0.7456896305084229]
[256 Dense|64 Dense|256 Dense],sparse_categorical_crossentropy,8,50,50,[0.2798258662223816, 0.9698275923728943]
[2 Dense|4 Dense],sparse_categorical_crossentropy,8,50,50,[0.7635928988456726, 0.7370689511299133]
[8 Dense|64 Dense|64 Dense],sparse_categorical_crossentropy,8,50,50,[0.3720655143260956, 0.9568965435028076]
[2 Dense|128 Dense|16 Dense],sparse_categorical_crossentropy,8,50,50,[0.7006258368492126, 0.7715517282485962]
[128 Dense|128 Dense],sparse_categorical_crossentropy,8,50,50,[0.16748513281345367, 0.9655172228813171]
[256 Dense|8 Dense],sparse_categorical_crossentropy,8,50,50,[0.30585601925849915, 0.9568965435028076]
[2 Dense|128 Dense|64 Dense],sparse_categorical_crossentropy,8,50,50,[0.34782296419143677, 0.9137930870056152]
[64 Dense|4 Dense|32 Dense],sparse_categorical_crossentropy,8,50,50,[0.2541593611240387, 0.9698275923728943]
[128 Dense],sparse_categorical_crossentropy,8,50,50,[0.47751057147979736, 0.9525862336158752]
[256 Dense|256 Dense|64 Dense],sparse_categorical_crossentropy,8,50,50,[0.14221225678920746, 0.9784482717514038]
[16 Dense|128 Dense|128 Dense],sparse_categorical_crossentropy,8,50,50,[0.4125812351703644, 0.9612069129943848]
[64 Dense|8 Dense|8 Dense],sparse_categorical_crossentropy,8,50,50,[0.19911624491214752, 0.9741379022598267]
[8 Dense|128 Dense|16 Dense],sparse_categorical_crossentropy,8,50,50,[0.19632181525230408, 0.9741379022598267]
[2 Dense|128 Dense|8 Dense],sparse_categorical_crossentropy,8,50,50,[0.5172510743141174, 0.806034505367279]
[2 Dense|8 Dense|32 Dense],sparse_categorical_crossentropy,8,50,50,[0.6634095907211304, 0.8146551847457886]
[16 Dense|128 Dense|32 Dense],sparse_categorical_crossentropy,8,50,50,[0.15683281421661377, 0.9698275923728943]
[4 Dense|32 Dense|256 Dense],sparse_categorical_crossentropy,8,50,50,[0.3047674298286438, 0.9267241358757019]
[8 Dense|256 Dense|4 Dense],sparse_categorical_crossentropy,8,50,50,[1.1857765913009644, 0.6465517282485962]
[32 Dense|8 Dense|64 Dense],sparse_categorical_crossentropy,8,50,50,[0.30292657017707825, 0.9741379022598267]
[256 Dense|64 Dense],sparse_categorical_crossentropy,8,50,50,[0.18331356346607208, 0.9698275923728943]
[256 Dense|2 Dense|32 Dense],sparse_categorical_crossentropy,8,50,50,[0.5285948514938354, 0.8362069129943848]
[8 Dense|256 Dense|64 Dense],sparse_categorical_crossentropy,8,50,50,[0.22241631150245667, 0.9655172228813171]
[8 Dense|2 Dense|32 Dense],sparse_categorical_crossentropy,8,50,50,[0.327897310256958, 0.8879310488700867]
[64 Dense|128 Dense|64 Dense],sparse_categorical_crossentropy,8,50,50,[0.1485791653394699, 0.9784482717514038]
[64 Dense|128 Dense],sparse_categorical_crossentropy,8,50,50,[0.2903251051902771, 0.9525862336158752]
[4 Dense|64 Dense|32 Dense],sparse_categorical_crossentropy,8,50,50,[0.25631168484687805, 0.9612069129943848]
[256 Dense|2 Dense|16 Dense],sparse_categorical_crossentropy,8,50,50,[0.5294988751411438, 0.8318965435028076]
[32 Dense|16 Dense|64 Dense],sparse_categorical_crossentropy,8,50,50,[0.3368169069290161, 0.9482758641242981]
[16 Dense|128 Dense|8 Dense],sparse_categorical_crossentropy,8,50,50,[0.3829839825630188, 0.9655172228813171]
[256 Dense|8 Dense|64 Dense],sparse_categorical_crossentropy,8,50,50,[0.37774908542633057, 0.9525862336158752]
[8 Dense|64 Dense|128 Dense],sparse_categorical_crossentropy,8,50,50,[0.24653655290603638, 0.9698275923728943]
[256 Dense|128 Dense|128 Dense],sparse_categorical_crossentropy,8,50,50,[0.20229312777519226, 0.9698275923728943]
[64 Dense|128 Dense|32 Dense],sparse_categorical_crossentropy,8,50,50,[0.2051687091588974, 0.9568965435028076]
[64 Dense|256 Dense|32 Dense],sparse_categorical_crossentropy,8,50,50,[0.2754383683204651, 0.9784482717514038]
[4 Dense|64 Dense|64 Dense],sparse_categorical_crossentropy,8,50,50,[0.2838841378688812, 0.9482758641242981]
[16 Dense|32 Dense|64 Dense],sparse_categorical_crossentropy,8,50,50,[0.12592780590057373, 0.982758641242981]
[8 Dense|256 Dense|32 Dense],sparse_categorical_crossentropy,8,50,50,[0.3105448782444, 0.9568965435028076]
[16 Dense|2 Dense|16 Dense],sparse_categorical_crossentropy,8,50,50,[0.28028592467308044, 0.9525862336158752]
[128 Dense|64 Dense],sparse_categorical_crossentropy,8,50,50,[0.3154708743095398, 0.9568965435028076]
[64 Dense|2 Dense|2 Dense],sparse_categorical_crossentropy,8,50,50,[1.1857762336730957, 0.6465517282485962]
[256 Dense|256 Dense|16 Dense],sparse_categorical_crossentropy,8,50,50,[0.11716015636920929, 0.9741379022598267]
[64 Dense|32 Dense|32 Dense],sparse_categorical_crossentropy,8,50,50,[0.15746138989925385, 0.9612069129943848]
[8 Dense|64 Dense|8 Dense],sparse_categorical_crossentropy,8,50,50,[0.2907218337059021, 0.9655172228813171]
[256 Dense|2 Dense|128 Dense],sparse_categorical_crossentropy,8,50,50,[0.6644827723503113, 0.9353448152542114]
[256 Dense|4 Dense|256 Dense],sparse_categorical_crossentropy,8,50,50,[0.10760095715522766, 0.9698275923728943]
[64 Dense|16 Dense|16 Dense],sparse_categorical_crossentropy,8,50,50,[0.23066887259483337, 0.9612069129943848]
[128 Dense|64 Dense|8 Dense],sparse_categorical_crossentropy,8,50,50,[0.20257064700126648, 0.9698275923728943]
[4 Dense|64 Dense],sparse_categorical_crossentropy,8,50,50,[0.3313799202442169, 0.9525862336158752]
[32 Dense|8 Dense|8 Dense],sparse_categorical_crossentropy,8,50,50,[0.2914477288722992, 0.9612069129943848]
[32 Dense|64 Dense],sparse_categorical_crossentropy,8,50,50,[0.19301274418830872, 0.9741379022598267]
[8 Dense|8 Dense|2 Dense],sparse_categorical_crossentropy,8,50,50,[0.3564174473285675, 0.9482758641242981]
[32 Dense|4 Dense|2 Dense],sparse_categorical_crossentropy,8,50,50,[1.1857742071151733, 0.6465517282485962]
[4 Dense|128 Dense|4 Dense],sparse_categorical_crossentropy,8,50,50,[0.7596929669380188, 0.7284482717514038]
[8 Dense|256 Dense|2 Dense],sparse_categorical_crossentropy,8,50,50,[0.42272311449050903, 0.943965494632721]
[64 Dense|64 Dense|16 Dense],sparse_categorical_crossentropy,8,50,50,[0.20206861197948456, 0.9741379022598267]
[2 Dense|256 Dense|2 Dense],sparse_categorical_crossentropy,8,50,50,[1.1857768297195435, 0.6465517282485962]
[8 Dense|256 Dense|8 Dense],sparse_categorical_crossentropy,8,50,50,[0.39582234621047974, 0.9741379022598267]
[8 Dense|32 Dense|128 Dense],sparse_categorical_crossentropy,8,50,50,[0.39404207468032837, 0.9482758641242981]
[2 Dense|4 Dense|64 Dense],sparse_categorical_crossentropy,8,50,50,[0.5622112154960632, 0.806034505367279]
[16 Dense|32 Dense|8 Dense],sparse_categorical_crossentropy,8,50,50,[0.35076746344566345, 0.9525862336158752]
[2 Dense|128 Dense|256 Dense],sparse_categorical_crossentropy,8,50,50,[0.43383198976516724, 0.9051724076271057]
[64 Dense|32 Dense|2 Dense],sparse_categorical_crossentropy,8,50,50,[1.1857762336730957, 0.6465517282485962]
[16 Dense|16 Dense],sparse_categorical_crossentropy,8,50,50,[0.16839872300624847, 0.9655172228813171]
[64 Dense|64 Dense|32 Dense],sparse_categorical_crossentropy,8,50,50,[0.16870051622390747, 0.9698275923728943]
[8 Dense|16 Dense|256 Dense],sparse_categorical_crossentropy,8,50,50,[0.3311048448085785, 0.9655172228813171]
[4 Dense|4 Dense|256 Dense],sparse_categorical_crossentropy,8,50,50,[0.34054458141326904, 0.9482758641242981]
[128 Dense|256 Dense|2 Dense],sparse_categorical_crossentropy,8,50,50,[1.1857762336730957, 0.6465517282485962]
[16 Dense|32 Dense|128 Dense],sparse_categorical_crossentropy,8,50,50,[0.2724120616912842, 0.9655172228813171]
[128 Dense|16 Dense|4 Dense],sparse_categorical_crossentropy,8,50,50,[0.24205949902534485, 0.9698275923728943]
[64 Dense|8 Dense|2 Dense],sparse_categorical_crossentropy,8,50,50,[0.17500609159469604, 0.9698275923728943]
[256 Dense|256 Dense|32 Dense],sparse_categorical_crossentropy,8,50,50,[0.15364474058151245, 0.9784482717514038]
[4 Dense|32 Dense|8 Dense],sparse_categorical_crossentropy,8,50,50,[0.32737401127815247, 0.9482758641242981]
[32 Dense|128 Dense|64 Dense],sparse_categorical_crossentropy,8,50,50,[0.15025678277015686, 0.9784482717514038]
[64 Dense|32 Dense|8 Dense],sparse_categorical_crossentropy,8,50,50,[0.12635910511016846, 0.9568965435028076]
[64 Dense|256 Dense|8 Dense],sparse_categorical_crossentropy,8,50,50,[0.14238843321800232, 0.9741379022598267]
[2 Dense|256 Dense|8 Dense],sparse_categorical_crossentropy,8,50,50,[0.6048721075057983, 0.7758620977401733]
[4 Dense|256 Dense|4 Dense],sparse_categorical_crossentropy,8,50,50,[0.43993034958839417, 0.8405172228813171]
[64 Dense|4 Dense|8 Dense],sparse_categorical_crossentropy,8,50,50,[0.4074210822582245, 0.9482758641242981]
[2 Dense|256 Dense|4 Dense],sparse_categorical_crossentropy,8,50,50,[0.45057159662246704, 0.8275862336158752]
[8 Dense|16 Dense|16 Dense],sparse_categorical_crossentropy,8,50,50,[0.43353745341300964, 0.9396551847457886]
[128 Dense|2 Dense|128 Dense],sparse_categorical_crossentropy,8,50,50,[0.27836984395980835, 0.9784482717514038]
[8 Dense|16 Dense|4 Dense],sparse_categorical_crossentropy,8,50,50,[0.38939225673675537, 0.892241358757019]
[128 Dense|2 Dense|256 Dense],sparse_categorical_crossentropy,8,50,50,[0.15343710780143738, 0.9741379022598267]
[16 Dense|128 Dense|2 Dense],sparse_categorical_crossentropy,8,50,50,[0.24389351904392242, 0.9655172228813171]
[64 Dense|4 Dense|64 Dense],sparse_categorical_crossentropy,8,50,50,[0.3328312039375305, 0.9698275923728943]
[16 Dense|8 Dense],sparse_categorical_crossentropy,8,50,50,[0.35633111000061035, 0.9741379022598267]
[4 Dense|128 Dense|8 Dense],sparse_categorical_crossentropy,8,50,50,[0.3933733105659485, 0.8491379022598267]
[4 Dense|256 Dense],sparse_categorical_crossentropy,8,50,50,[0.3639368712902069, 0.9568965435028076]
[16 Dense|64 Dense|16 Dense],sparse_categorical_crossentropy,8,50,50,[0.31869348883628845, 0.9612069129943848]
[32 Dense|4 Dense|8 Dense],sparse_categorical_crossentropy,8,50,50,[0.2452760934829712, 0.9784482717514038]
[2 Dense|16 Dense],sparse_categorical_crossentropy,8,50,50,[0.7119317054748535, 0.7284482717514038]
[8 Dense|2 Dense|16 Dense],sparse_categorical_crossentropy,8,50,50,[0.47616758942604065, 0.818965494632721]
[256 Dense|32 Dense|128 Dense],sparse_categorical_crossentropy,8,50,50,[0.11103319376707077, 0.982758641242981]
[8 Dense|128 Dense|32 Dense],sparse_categorical_crossentropy,8,50,50,[0.2625390887260437, 0.9612069129943848]
[4 Dense|32 Dense|128 Dense],sparse_categorical_crossentropy,8,50,50,[0.38314467668533325, 0.9482758641242981]
[4 Dense|32 Dense|32 Dense],sparse_categorical_crossentropy,8,50,50,[0.4762047529220581, 0.8620689511299133]
[256 Dense|8 Dense|256 Dense],sparse_categorical_crossentropy,8,50,50,[0.18002673983573914, 0.9568965435028076]
[4 Dense|8 Dense|2 Dense],sparse_categorical_crossentropy,8,50,50,[0.5656279921531677, 0.7974137663841248]
[4 Dense|64 Dense|256 Dense],sparse_categorical_crossentropy,8,50,50,[0.3698982894420624, 0.931034505367279]
[4 Dense|2 Dense|16 Dense],sparse_categorical_crossentropy,8,50,50,[0.5512515306472778, 0.8017241358757019]
[16 Dense|64 Dense|32 Dense],sparse_categorical_crossentropy,8,50,50,[0.3423116207122803, 0.9482758641242981]
[32 Dense|64 Dense|8 Dense],sparse_categorical_crossentropy,8,50,50,[0.20950016379356384, 0.9741379022598267]
[64 Dense|128 Dense|2 Dense],sparse_categorical_crossentropy,8,50,50,[0.5020322203636169, 0.9525862336158752]
[64 Dense|8 Dense|64 Dense],sparse_categorical_crossentropy,8,50,50,[0.33326074481010437, 0.9568965435028076]
[32 Dense|8 Dense|4 Dense],sparse_categorical_crossentropy,8,50,50,[0.2701314389705658, 0.9525862336158752]
[128 Dense|16 Dense|8 Dense],sparse_categorical_crossentropy,8,50,50,[0.3070918917655945, 0.9482758641242981]
[16 Dense|2 Dense|256 Dense],sparse_categorical_crossentropy,8,50,50,[0.45079317688941956, 0.9224137663841248]
[64 Dense|4 Dense|2 Dense],sparse_categorical_crossentropy,8,50,50,[0.28118833899497986, 0.9396551847457886]
[4 Dense|4 Dense|64 Dense],sparse_categorical_crossentropy,8,50,50,[0.4575815796852112, 0.8706896305084229]
[4 Dense|4 Dense],sparse_categorical_crossentropy,8,50,50,[0.4771767258644104, 0.857758641242981]
[32 Dense|128 Dense|128 Dense],sparse_categorical_crossentropy,8,50,50,[0.12182719260454178, 0.9784482717514038]
[256 Dense|16 Dense|256 Dense],sparse_categorical_crossentropy,8,50,50,[0.12958507239818573, 0.9741379022598267]
[128 Dense|8 Dense|256 Dense],sparse_categorical_crossentropy,8,50,50,[0.20734357833862305, 0.9655172228813171]
[16 Dense|2 Dense|128 Dense],sparse_categorical_crossentropy,8,50,50,[0.2440934181213379, 0.9698275923728943]
[256 Dense|16 Dense|2 Dense],sparse_categorical_crossentropy,8,50,50,[1.1857764720916748, 0.6465517282485962]
[128 Dense|16 Dense|256 Dense],sparse_categorical_crossentropy,8,50,50,[0.25610172748565674, 0.9698275923728943]
[4 Dense|256 Dense|32 Dense],sparse_categorical_crossentropy,8,50,50,[0.3817148804664612, 0.8663793206214905]
[16 Dense|256 Dense|16 Dense],sparse_categorical_crossentropy,8,50,50,[0.14642995595932007, 0.9698275923728943]
[64 Dense],sparse_categorical_crossentropy,8,50,50,[0.17195528745651245, 0.9612069129943848]
[32 Dense|16 Dense],sparse_categorical_crossentropy,8,50,50,[0.29784879088401794, 0.9698275923728943]
[128 Dense|128 Dense|32 Dense],sparse_categorical_crossentropy,8,50,50,[0.1621757447719574, 0.9741379022598267]
[2 Dense|64 Dense|64 Dense],sparse_categorical_crossentropy,8,50,50,[0.7491623163223267, 0.7413793206214905]
[2 Dense|64 Dense|16 Dense],sparse_categorical_crossentropy,8,50,50,[0.7291054725646973, 0.7198275923728943]
[128 Dense|2 Dense|16 Dense],sparse_categorical_crossentropy,8,50,50,[0.33910760283470154, 0.9612069129943848]
[256 Dense|256 Dense|128 Dense],sparse_categorical_crossentropy,8,50,50,[0.2022140473127365, 0.9655172228813171]
[16 Dense|16 Dense|256 Dense],sparse_categorical_crossentropy,8,50,50,[0.31784412264823914, 0.9698275923728943]
[128 Dense|32 Dense|4 Dense],sparse_categorical_crossentropy,8,50,50,[0.25277987122535706, 0.9655172228813171]
[256 Dense|32 Dense|2 Dense],sparse_categorical_crossentropy,8,50,50,[1.1857773065567017, 0.6465517282485962]
[64 Dense|32 Dense|128 Dense],sparse_categorical_crossentropy,8,50,50,[0.2846141755580902, 0.9655172228813171]
[32 Dense|8 Dense|16 Dense],sparse_categorical_crossentropy,8,50,50,[0.3300641179084778, 0.9568965435028076]
[32 Dense|64 Dense|128 Dense],sparse_categorical_crossentropy,8,50,50,[0.39217865467071533, 0.9698275923728943]
[64 Dense|8 Dense|256 Dense],sparse_categorical_crossentropy,8,50,50,[0.367470920085907, 0.9741379022598267]
[2 Dense|16 Dense|16 Dense],sparse_categorical_crossentropy,8,50,50,[0.3716627359390259, 0.8448275923728943]
[2 Dense|2 Dense|4 Dense],sparse_categorical_crossentropy,8,50,50,[0.7464115023612976, 0.732758641242981]
[256 Dense|64 Dense|4 Dense],sparse_categorical_crossentropy,8,50,50,[1.1857795715332031, 0.6465517282485962]
[128 Dense|4 Dense|8 Dense],sparse_categorical_crossentropy,8,50,50,[0.15823715925216675, 0.9784482717514038]
[2 Dense|2 Dense|8 Dense],sparse_categorical_crossentropy,8,50,50,[0.6923426389694214, 0.75]
[32 Dense|8 Dense|256 Dense],sparse_categorical_crossentropy,8,50,50,[0.28359872102737427, 0.9698275923728943]
[128 Dense|256 Dense|4 Dense],sparse_categorical_crossentropy,8,50,50,[0.17896400392055511, 0.982758641242981]
[256 Dense|64 Dense|2 Dense],sparse_categorical_crossentropy,8,50,50,[0.30253106355667114, 0.9094827771186829]
[8 Dense|8 Dense],sparse_categorical_crossentropy,8,50,50,[0.49390485882759094, 0.943965494632721]
[32 Dense|64 Dense|64 Dense],sparse_categorical_crossentropy,8,50,50,[0.17297443747520447, 0.9568965435028076]
[2 Dense|4 Dense|2 Dense],sparse_categorical_crossentropy,8,50,50,[0.736817479133606, 0.7370689511299133]
[4 Dense|4 Dense|4 Dense],sparse_categorical_crossentropy,8,50,50,[0.35593220591545105, 0.8965517282485962]
[16 Dense|32 Dense|256 Dense],sparse_categorical_crossentropy,8,50,50,[0.14523877203464508, 0.9741379022598267]
[8 Dense|128 Dense|4 Dense],sparse_categorical_crossentropy,8,50,50,[0.2966025173664093, 0.943965494632721]
[128 Dense|16 Dense|64 Dense],sparse_categorical_crossentropy,8,50,50,[0.3169683516025543, 0.9525862336158752]
[2 Dense|8 Dense|64 Dense],sparse_categorical_crossentropy,8,50,50,[0.7360306978225708, 0.7456896305084229]
[32 Dense|8 Dense|128 Dense],sparse_categorical_crossentropy,8,50,50,[0.3688254952430725, 0.9655172228813171]
[2 Dense|64 Dense|8 Dense],sparse_categorical_crossentropy,8,50,50,[0.5328813791275024, 0.7931034564971924]
[2 Dense|8 Dense|4 Dense],sparse_categorical_crossentropy,8,50,50,[0.46407508850097656, 0.8362069129943848]
[8 Dense|2 Dense],sparse_categorical_crossentropy,8,50,50,[1.1857742071151733, 0.6465517282485962]
[4 Dense|8 Dense|8 Dense],sparse_categorical_crossentropy,8,50,50,[0.2177807241678238, 0.9482758641242981]
[8 Dense|4 Dense|64 Dense],sparse_categorical_crossentropy,8,50,50,[0.17721521854400635, 0.9525862336158752]
[4 Dense|16 Dense],sparse_categorical_crossentropy,8,50,50,[0.3410375416278839, 0.9353448152542114]
[32 Dense|8 Dense|2 Dense],sparse_categorical_crossentropy,8,50,50,[0.35467860102653503, 0.9396551847457886]
[256 Dense|8 Dense|2 Dense],sparse_categorical_crossentropy,8,50,50,[0.5377175807952881, 0.943965494632721]
[16 Dense|4 Dense|8 Dense],sparse_categorical_crossentropy,8,50,50,[0.15533532202243805, 0.9784482717514038]
[16 Dense|128 Dense|64 Dense],sparse_categorical_crossentropy,8,50,50,[0.30624040961265564, 0.9698275923728943]
[8 Dense|64 Dense|256 Dense],sparse_categorical_crossentropy,8,50,50,[0.7264704704284668, 0.9008620977401733]
[256 Dense|32 Dense|4 Dense],sparse_categorical_crossentropy,8,50,50,[0.10068230330944061, 0.9741379022598267]
[8 Dense|16 Dense|32 Dense],sparse_categorical_crossentropy,8,50,50,[0.27586644887924194, 0.9568965435028076]
[64 Dense|4 Dense|256 Dense],sparse_categorical_crossentropy,8,50,50,[0.13840797543525696, 0.9784482717514038]
[4 Dense|64 Dense|8 Dense],sparse_categorical_crossentropy,8,50,50,[0.24138009548187256, 0.9612069129943848]
[16 Dense|32 Dense|16 Dense],sparse_categorical_crossentropy,8,50,50,[0.3568948805332184, 0.9698275923728943]
[32 Dense|16 Dense|256 Dense],sparse_categorical_crossentropy,8,50,50,[0.17587532103061676, 0.9698275923728943]
[2 Dense|2 Dense|32 Dense],sparse_categorical_crossentropy,8,50,50,[0.47823336720466614, 0.8146551847457886]
[32 Dense|16 Dense|32 Dense],sparse_categorical_crossentropy,8,50,50,[0.2886480689048767, 0.9525862336158752]
[8 Dense|2 Dense|4 Dense],sparse_categorical_crossentropy,8,50,50,[1.1857762336730957, 0.6465517282485962]
[4 Dense|128 Dense],sparse_categorical_crossentropy,8,50,50,[0.6037337779998779, 0.9525862336158752]
[4 Dense|256 Dense|64 Dense],sparse_categorical_crossentropy,8,50,50,[0.2964167892932892, 0.9224137663841248]
[16 Dense|256 Dense],sparse_categorical_crossentropy,8,50,50,[0.257837176322937, 0.9741379022598267]
[16 Dense|256 Dense|256 Dense],sparse_categorical_crossentropy,8,50,50,[0.19625459611415863, 0.9568965435028076]
[4 Dense|4 Dense|16 Dense],sparse_categorical_crossentropy,8,50,50,[0.6816427111625671, 0.7801724076271057]
[64 Dense|4 Dense],sparse_categorical_crossentropy,8,50,50,[0.14236147701740265, 0.9784482717514038]
[64 Dense|16 Dense|256 Dense],sparse_categorical_crossentropy,8,50,50,[0.22732874751091003, 0.9698275923728943]
[2 Dense|32 Dense|64 Dense],sparse_categorical_crossentropy,8,50,50,[0.4345857501029968, 0.8706896305084229]
[128 Dense|256 Dense|16 Dense],sparse_categorical_crossentropy,8,50,50,[0.10980898886919022, 0.9741379022598267]
[2 Dense|32 Dense|256 Dense],sparse_categorical_crossentropy,8,50,50,[0.7242594361305237, 0.767241358757019]
[2 Dense|8 Dense|2 Dense],sparse_categorical_crossentropy,8,50,50,[0.6459930539131165, 0.7413793206214905]
[2 Dense|256 Dense|64 Dense],sparse_categorical_crossentropy,8,50,50,[0.4306296408176422, 0.9181034564971924]
[16 Dense|4 Dense],sparse_categorical_crossentropy,8,50,50,[0.3004152774810791, 0.9008620977401733]
[2 Dense|64 Dense|32 Dense],sparse_categorical_crossentropy,8,50,50,[0.8282138705253601, 0.7543103694915771]
[8 Dense|128 Dense|8 Dense],sparse_categorical_crossentropy,8,50,50,[0.15316088497638702, 0.9698275923728943]
[32 Dense|64 Dense|16 Dense],sparse_categorical_crossentropy,8,50,50,[0.21392971277236938, 0.9525862336158752]
[16 Dense|16 Dense|32 Dense],sparse_categorical_crossentropy,8,50,50,[0.37888845801353455, 0.9525862336158752]
[128 Dense|64 Dense|16 Dense],sparse_categorical_crossentropy,8,50,50,[0.18767531216144562, 0.9698275923728943]
[8 Dense|64 Dense|2 Dense],sparse_categorical_crossentropy,8,50,50,[0.35290899872779846, 0.9612069129943848]
[2 Dense|128 Dense|128 Dense],sparse_categorical_crossentropy,8,50,50,[0.7992933392524719, 0.8362069129943848]
[256 Dense|2 Dense|2 Dense],sparse_categorical_crossentropy,8,50,50,[1.1857761144638062, 0.6465517282485962]
[256 Dense|8 Dense|32 Dense],sparse_categorical_crossentropy,8,50,50,[0.12271581590175629, 0.9741379022598267]
[256 Dense|128 Dense|64 Dense],sparse_categorical_crossentropy,8,50,50,[0.16551712155342102, 0.9784482717514038]
[128 Dense|8 Dense|2 Dense],sparse_categorical_crossentropy,8,50,50,[0.4379275441169739, 0.8405172228813171]
[4 Dense|4 Dense|128 Dense],sparse_categorical_crossentropy,8,50,50,[0.370782732963562, 0.8965517282485962]
[64 Dense|16 Dense],sparse_categorical_crossentropy,8,50,50,[0.359821617603302, 0.9525862336158752]
[8 Dense|256 Dense|16 Dense],sparse_categorical_crossentropy,8,50,50,[0.1950637400150299, 0.9698275923728943]
[2 Dense|8 Dense|8 Dense],sparse_categorical_crossentropy,8,50,50,[1.1857868432998657, 0.6465517282485962]
[16 Dense|8 Dense|2 Dense],sparse_categorical_crossentropy,8,50,50,[0.3828277289867401, 0.9181034564971924]
[128 Dense|256 Dense|8 Dense],sparse_categorical_crossentropy,8,50,50,[0.09916194528341293, 0.9741379022598267]
[64 Dense|2 Dense],sparse_categorical_crossentropy,8,50,50,[0.3812357783317566, 0.9008620977401733]
[256 Dense|32 Dense|16 Dense],sparse_categorical_crossentropy,8,50,50,[0.17281271517276764, 0.9698275923728943]
[128 Dense|64 Dense|128 Dense],sparse_categorical_crossentropy,8,50,50,[0.18820013105869293, 0.9698275923728943]
[32 Dense|4 Dense|256 Dense],sparse_categorical_crossentropy,8,50,50,[0.30379965901374817, 0.9655172228813171]
[8 Dense|32 Dense|16 Dense],sparse_categorical_crossentropy,8,50,50,[0.30365148186683655, 0.9741379022598267]
[16 Dense|4 Dense|4 Dense],sparse_categorical_crossentropy,8,50,50,[0.3015632629394531, 0.9137930870056152]
[4 Dense|2 Dense|2 Dense],sparse_categorical_crossentropy,8,50,50,[1.1857600212097168, 0.6465517282485962]
[64 Dense|64 Dense|64 Dense],sparse_categorical_crossentropy,8,50,50,[0.1406383067369461, 0.9698275923728943]
[256 Dense|256 Dense|8 Dense],sparse_categorical_crossentropy,8,50,50,[0.09248645603656769, 0.9741379022598267]
[128 Dense|128 Dense|16 Dense],sparse_categorical_crossentropy,8,50,50,[0.15335607528686523, 0.9655172228813171]
[32 Dense|256 Dense],sparse_categorical_crossentropy,8,50,50,[0.2734454274177551, 0.9655172228813171]
[256 Dense|2 Dense|256 Dense],sparse_categorical_crossentropy,8,50,50,[0.4671301245689392, 0.9525862336158752]
[2 Dense|2 Dense|128 Dense],sparse_categorical_crossentropy,8,50,50,[0.6555335521697998, 0.7543103694915771]
[2 Dense|64 Dense|128 Dense],sparse_categorical_crossentropy,8,50,50,[0.7520726323127747, 0.7284482717514038]
[8 Dense|128 Dense|2 Dense],sparse_categorical_crossentropy,8,50,50,[0.6325821280479431, 0.8146551847457886]
[256 Dense|256 Dense|4 Dense],sparse_categorical_crossentropy,8,50,50,[1.1857779026031494, 0.6465517282485962]
[2 Dense|4 Dense|256 Dense],sparse_categorical_crossentropy,8,50,50,[0.3313582241535187, 0.8793103694915771]
[256 Dense|32 Dense|32 Dense],sparse_categorical_crossentropy,8,50,50,[0.3484668731689453, 0.9525862336158752]
[2 Dense|128 Dense|2 Dense],sparse_categorical_crossentropy,8,50,50,[1.1857762336730957, 0.6465517282485962]
[128 Dense|64 Dense|2 Dense],sparse_categorical_crossentropy,8,50,50,[0.5430747866630554, 0.8405172228813171]
[8 Dense|32 Dense|64 Dense],sparse_categorical_crossentropy,8,50,50,[0.3822721242904663, 0.9612069129943848]
[32 Dense|128 Dense],sparse_categorical_crossentropy,8,50,50,[0.23226389288902283, 0.9612069129943848]
[2 Dense|32 Dense|2 Dense],sparse_categorical_crossentropy,8,50,50,[1.185774326324463, 0.6465517282485962]
[128 Dense|8 Dense|4 Dense],sparse_categorical_crossentropy,8,50,50,[0.19402599334716797, 0.9568965435028076]
[64 Dense|16 Dense|8 Dense],sparse_categorical_crossentropy,8,50,50,[0.20405738055706024, 0.9741379022598267]
[4 Dense|32 Dense],sparse_categorical_crossentropy,8,50,50,[0.3567259609699249, 0.9224137663841248]
[2 Dense|16 Dense|2 Dense],sparse_categorical_crossentropy,8,50,50,[1.185775637626648, 0.6465517282485962]
[256 Dense|128 Dense|2 Dense],sparse_categorical_crossentropy,8,50,50,[0.1952303647994995, 0.9224137663841248]
[8 Dense|2 Dense|8 Dense],sparse_categorical_crossentropy,8,50,50,[0.5084574222564697, 0.8017241358757019]
[16 Dense|64 Dense|2 Dense],sparse_categorical_crossentropy,8,50,50,[0.229036346077919, 0.9655172228813171]
[16 Dense|128 Dense|4 Dense],sparse_categorical_crossentropy,8,50,50,[0.3752008080482483, 0.9612069129943848]
[8 Dense|4 Dense|8 Dense],sparse_categorical_crossentropy,8,50,50,[0.38371601700782776, 0.9181034564971924]
[8 Dense|8 Dense|256 Dense],sparse_categorical_crossentropy,8,50,50,[0.2841637134552002, 0.9698275923728943]
[128 Dense|8 Dense|64 Dense],sparse_categorical_crossentropy,8,50,50,[0.3444916009902954, 0.9568965435028076]
[2 Dense|2 Dense|256 Dense],sparse_categorical_crossentropy,8,50,50,[0.6083158850669861, 0.8879310488700867]
[16 Dense|2 Dense|64 Dense],sparse_categorical_crossentropy,8,50,50,[0.4187726080417633, 0.9267241358757019]
[256 Dense|8 Dense|8 Dense],sparse_categorical_crossentropy,8,50,50,[0.22564128041267395, 0.9525862336158752]
[64 Dense|128 Dense|128 Dense],sparse_categorical_crossentropy,8,50,50,[0.20609670877456665, 0.9612069129943848]
[32 Dense|32 Dense],sparse_categorical_crossentropy,8,50,50,[0.24015361070632935, 0.9655172228813171]
