[4 Dense|4 Dense|8 Dense],sparse_categorical_crossentropy,8,50,50,[0.22524069249629974, 0.9568965435028076]
[4 Dense|2 Dense|16 Dense],sparse_categorical_crossentropy,8,50,50,[0.2440420389175415, 0.9525862336158752]
[4 Dense|32 Dense|32 Dense],sparse_categorical_crossentropy,8,50,50,[0.30581027269363403, 0.9482758641242981]
[4 Dense|8 Dense|256 Dense],sparse_categorical_crossentropy,8,50,50,[0.3456152081489563, 0.9353448152542114]
[16 Dense|16 Dense],sparse_categorical_crossentropy,8,50,50,[0.2862923741340637, 0.9741379022598267]
[16 Dense|256 Dense|128 Dense],sparse_categorical_crossentropy,8,50,50,[0.46190115809440613, 0.9396551847457886]
[8 Dense|8 Dense|256 Dense],sparse_categorical_crossentropy,8,50,50,[0.3669079840183258, 0.9655172228813171]
[128 Dense|16 Dense|8 Dense],sparse_categorical_crossentropy,8,50,50,[0.4520670771598816, 0.9525862336158752]
[4 Dense|128 Dense|4 Dense],sparse_categorical_crossentropy,8,50,50,[0.2693291902542114, 0.9482758641242981]
[64 Dense|256 Dense|32 Dense],sparse_categorical_crossentropy,8,50,50,[0.34900346398353577, 0.9568965435028076]
[32 Dense|2 Dense|32 Dense],sparse_categorical_crossentropy,8,50,50,[0.5160002112388611, 0.8318965435028076]
[8 Dense|2 Dense|16 Dense],sparse_categorical_crossentropy,8,50,50,[0.2972044050693512, 0.9181034564971924]
[256 Dense|8 Dense],sparse_categorical_crossentropy,8,50,50,[0.37536102533340454, 0.9482758641242981]
[16 Dense|256 Dense|2 Dense],sparse_categorical_crossentropy,8,50,50,[0.5119803547859192, 0.8836206793785095]
[32 Dense|2 Dense|64 Dense],sparse_categorical_crossentropy,8,50,50,[0.2623179852962494, 0.9525862336158752]
[128 Dense|256 Dense|128 Dense],sparse_categorical_crossentropy,8,50,50,[0.48572248220443726, 0.8965517282485962]
[64 Dense|16 Dense|128 Dense],sparse_categorical_crossentropy,8,50,50,[0.3929741084575653, 0.9525862336158752]
[8 Dense|8 Dense|32 Dense],sparse_categorical_crossentropy,8,50,50,[0.2458333671092987, 0.9612069129943848]
[2 Dense|16 Dense|2 Dense],sparse_categorical_crossentropy,8,50,50,[0.39736005663871765, 0.9137930870056152]
[32 Dense|128 Dense],sparse_categorical_crossentropy,8,50,50,[0.4272250235080719, 0.943965494632721]
[128 Dense|64 Dense|4 Dense],sparse_categorical_crossentropy,8,50,50,[0.5625622272491455, 0.9181034564971924]
[2 Dense|4 Dense|16 Dense],sparse_categorical_crossentropy,8,50,50,[0.2750791311264038, 0.9137930870056152]
[8 Dense|4 Dense|32 Dense],sparse_categorical_crossentropy,8,50,50,[0.27533742785453796, 0.9698275923728943]
[8 Dense|8 Dense|128 Dense],sparse_categorical_crossentropy,8,50,50,[0.45947715640068054, 0.9353448152542114]
[128 Dense|256 Dense|32 Dense],sparse_categorical_crossentropy,8,50,50,[0.4518490731716156, 0.9094827771186829]
[32 Dense|2 Dense|128 Dense],sparse_categorical_crossentropy,8,50,50,[0.2842450439929962, 0.9353448152542114]
[64 Dense|64 Dense|4 Dense],sparse_categorical_crossentropy,8,50,50,[0.42082253098487854, 0.9568965435028076]
[64 Dense|64 Dense|128 Dense],sparse_categorical_crossentropy,8,50,50,[0.32270678877830505, 0.943965494632721]
[128 Dense|256 Dense|16 Dense],sparse_categorical_crossentropy,8,50,50,[0.2532599866390228, 0.9353448152542114]
[32 Dense|16 Dense],sparse_categorical_crossentropy,8,50,50,[0.3946335017681122, 0.9482758641242981]
[64 Dense|256 Dense|2 Dense],sparse_categorical_crossentropy,8,50,50,[0.42047426104545593, 0.8965517282485962]
[128 Dense|2 Dense|128 Dense],sparse_categorical_crossentropy,8,50,50,[0.3366125226020813, 0.9137930870056152]
[4 Dense|256 Dense|32 Dense],sparse_categorical_crossentropy,8,50,50,[0.3326403498649597, 0.9482758641242981]
[64 Dense|256 Dense|4 Dense],sparse_categorical_crossentropy,8,50,50,[0.6804750561714172, 0.892241358757019]
[32 Dense|4 Dense|128 Dense],sparse_categorical_crossentropy,8,50,50,[0.35289475321769714, 0.943965494632721]
[2 Dense|256 Dense|256 Dense],sparse_categorical_crossentropy,8,50,50,[0.39033955335617065, 0.8318965435028076]
[128 Dense|16 Dense|128 Dense],sparse_categorical_crossentropy,8,50,50,[0.24945412576198578, 0.9698275923728943]
[8 Dense|128 Dense|256 Dense],sparse_categorical_crossentropy,8,50,50,[0.5953972935676575, 0.9396551847457886]
[256 Dense|16 Dense|256 Dense],sparse_categorical_crossentropy,8,50,50,[0.2832280993461609, 0.943965494632721]
[256 Dense|256 Dense|4 Dense],sparse_categorical_crossentropy,8,50,50,[0.5173238515853882, 0.8793103694915771]
[4 Dense|4 Dense|128 Dense],sparse_categorical_crossentropy,8,50,50,[0.46175411343574524, 0.943965494632721]
[8 Dense|64 Dense],sparse_categorical_crossentropy,8,50,50,[0.4001021683216095, 0.9482758641242981]
[32 Dense|256 Dense|4 Dense],sparse_categorical_crossentropy,8,50,50,[0.4508360028266907, 0.9482758641242981]
[8 Dense|2 Dense|8 Dense],sparse_categorical_crossentropy,8,50,50,[0.3579220175743103, 0.9094827771186829]
[128 Dense],sparse_categorical_crossentropy,8,50,50,[0.4781050980091095, 0.9525862336158752]
[32 Dense|128 Dense|2 Dense],sparse_categorical_crossentropy,8,50,50,[0.34894809126853943, 0.8836206793785095]
[256 Dense|16 Dense|4 Dense],sparse_categorical_crossentropy,8,50,50,[0.45686137676239014, 0.9525862336158752]
[8 Dense|64 Dense|2 Dense],sparse_categorical_crossentropy,8,50,50,[0.4529489278793335, 0.9008620977401733]
[32 Dense|256 Dense],sparse_categorical_crossentropy,8,50,50,[0.41742393374443054, 0.9267241358757019]
[256 Dense|8 Dense|4 Dense],sparse_categorical_crossentropy,8,50,50,[0.17311182618141174, 0.9698275923728943]
[16 Dense|4 Dense],sparse_categorical_crossentropy,8,50,50,[0.19091925024986267, 0.9655172228813171]
[128 Dense|128 Dense|8 Dense],sparse_categorical_crossentropy,8,50,50,[0.33362922072410583, 0.9525862336158752]
[128 Dense|64 Dense|256 Dense],sparse_categorical_crossentropy,8,50,50,[0.3888140618801117, 0.931034505367279]
[128 Dense|64 Dense|64 Dense],sparse_categorical_crossentropy,8,50,50,[0.3636346757411957, 0.9267241358757019]
[32 Dense|256 Dense|32 Dense],sparse_categorical_crossentropy,8,50,50,[0.4792129397392273, 0.9353448152542114]
[256 Dense|2 Dense|64 Dense],sparse_categorical_crossentropy,8,50,50,[0.29575952887535095, 0.9267241358757019]
[128 Dense|8 Dense|2 Dense],sparse_categorical_crossentropy,8,50,50,[0.29133832454681396, 0.9137930870056152]
[16 Dense|16 Dense|64 Dense],sparse_categorical_crossentropy,8,50,50,[0.3803047239780426, 0.9353448152542114]
[4 Dense|4 Dense|2 Dense],sparse_categorical_crossentropy,8,50,50,[0.2616720199584961, 0.9396551847457886]
[8 Dense|16 Dense|4 Dense],sparse_categorical_crossentropy,8,50,50,[0.341217964887619, 0.9568965435028076]
[256 Dense|8 Dense|128 Dense],sparse_categorical_crossentropy,8,50,50,[0.36966076493263245, 0.931034505367279]
[4 Dense|256 Dense|256 Dense],sparse_categorical_crossentropy,8,50,50,[0.33987340331077576, 0.943965494632721]
[8 Dense|256 Dense|64 Dense],sparse_categorical_crossentropy,8,50,50,[0.4440467953681946, 0.9137930870056152]
[4 Dense|128 Dense|2 Dense],sparse_categorical_crossentropy,8,50,50,[0.4233221709728241, 0.8965517282485962]
[64 Dense|8 Dense],sparse_categorical_crossentropy,8,50,50,[0.43548452854156494, 0.9482758641242981]
[128 Dense|16 Dense|32 Dense],sparse_categorical_crossentropy,8,50,50,[0.4330902695655823, 0.9396551847457886]
[2 Dense|2 Dense|128 Dense],sparse_categorical_crossentropy,8,50,50,[0.3895868957042694, 0.9137930870056152]
[4 Dense|2 Dense|8 Dense],sparse_categorical_crossentropy,8,50,50,[0.2756328582763672, 0.9224137663841248]
[16 Dense|32 Dense|64 Dense],sparse_categorical_crossentropy,8,50,50,[0.32002028822898865, 0.9568965435028076]
[2 Dense|256 Dense|2 Dense],sparse_categorical_crossentropy,8,50,50,[0.4060884416103363, 0.8879310488700867]
[128 Dense|2 Dense|8 Dense],sparse_categorical_crossentropy,8,50,50,[0.2838097810745239, 0.931034505367279]
[2 Dense|4 Dense|2 Dense],sparse_categorical_crossentropy,8,50,50,[0.5106990337371826, 0.8534482717514038]
[128 Dense|4 Dense|64 Dense],sparse_categorical_crossentropy,8,50,50,[0.27765509486198425, 0.9698275923728943]
[128 Dense|64 Dense|32 Dense],sparse_categorical_crossentropy,8,50,50,[0.47411245107650757, 0.9008620977401733]
[16 Dense],sparse_categorical_crossentropy,8,50,50,[0.25640109181404114, 0.9741379022598267]
[256 Dense|128 Dense|64 Dense],sparse_categorical_crossentropy,8,50,50,[0.27392202615737915, 0.9353448152542114]
[8 Dense|2 Dense|4 Dense],sparse_categorical_crossentropy,8,50,50,[0.3535553812980652, 0.8448275923728943]
[128 Dense|16 Dense|2 Dense],sparse_categorical_crossentropy,8,50,50,[0.35285642743110657, 0.892241358757019]
[2 Dense|64 Dense|64 Dense],sparse_categorical_crossentropy,8,50,50,[0.5466844439506531, 0.8663793206214905]
[8 Dense|32 Dense],sparse_categorical_crossentropy,8,50,50,[0.2758945822715759, 0.9698275923728943]
[2 Dense|128 Dense|16 Dense],sparse_categorical_crossentropy,8,50,50,[0.22919036448001862, 0.9568965435028076]
[32 Dense|128 Dense|256 Dense],sparse_categorical_crossentropy,8,50,50,[0.5826842188835144, 0.8965517282485962]
[4 Dense|64 Dense|64 Dense],sparse_categorical_crossentropy,8,50,50,[0.32871299982070923, 0.9525862336158752]
[256 Dense|16 Dense|8 Dense],sparse_categorical_crossentropy,8,50,50,[0.45611727237701416, 0.9525862336158752]
[64 Dense|32 Dense|2 Dense],sparse_categorical_crossentropy,8,50,50,[0.31122055649757385, 0.8879310488700867]
[128 Dense|2 Dense],sparse_categorical_crossentropy,8,50,50,[0.3220102787017822, 0.9224137663841248]
[256 Dense|4 Dense|256 Dense],sparse_categorical_crossentropy,8,50,50,[0.5608128905296326, 0.892241358757019]
[128 Dense|16 Dense],sparse_categorical_crossentropy,8,50,50,[0.3984915018081665, 0.9525862336158752]
[32 Dense|8 Dense|8 Dense],sparse_categorical_crossentropy,8,50,50,[0.27107250690460205, 0.9482758641242981]
[64 Dense|2 Dense|8 Dense],sparse_categorical_crossentropy,8,50,50,[0.29526716470718384, 0.9137930870056152]
[256 Dense|64 Dense|8 Dense],sparse_categorical_crossentropy,8,50,50,[0.3874240815639496, 0.931034505367279]
[64 Dense|256 Dense|8 Dense],sparse_categorical_crossentropy,8,50,50,[0.5496649742126465, 0.9094827771186829]
[8 Dense|4 Dense|128 Dense],sparse_categorical_crossentropy,8,50,50,[0.3468838334083557, 0.9655172228813171]
[8 Dense|32 Dense|128 Dense],sparse_categorical_crossentropy,8,50,50,[0.3351024091243744, 0.9525862336158752]
[2 Dense|64 Dense|256 Dense],sparse_categorical_crossentropy,8,50,50,[0.4322863817214966, 0.8793103694915771]
[64 Dense|8 Dense|8 Dense],sparse_categorical_crossentropy,8,50,50,[0.2999544143676758, 0.9612069129943848]
[4 Dense|128 Dense|64 Dense],sparse_categorical_crossentropy,8,50,50,[0.36004605889320374, 0.931034505367279]
[2 Dense|32 Dense|256 Dense],sparse_categorical_crossentropy,8,50,50,[0.43860137462615967, 0.8965517282485962]
[128 Dense|256 Dense|256 Dense],sparse_categorical_crossentropy,8,50,50,[0.5868546962738037, 0.8836206793785095]
[8 Dense|4 Dense|64 Dense],sparse_categorical_crossentropy,8,50,50,[0.3954395353794098, 0.9655172228813171]
[8 Dense|4 Dense|2 Dense],sparse_categorical_crossentropy,8,50,50,[0.2580363154411316, 0.9224137663841248]
[64 Dense|32 Dense|16 Dense],sparse_categorical_crossentropy,8,50,50,[0.30428943037986755, 0.9525862336158752]
[16 Dense|64 Dense|256 Dense],sparse_categorical_crossentropy,8,50,50,[0.42364099621772766, 0.931034505367279]
[32 Dense|256 Dense|8 Dense],sparse_categorical_crossentropy,8,50,50,[0.3940017819404602, 0.9224137663841248]
[128 Dense|128 Dense|128 Dense],sparse_categorical_crossentropy,8,50,50,[0.3583499789237976, 0.931034505367279]
[2 Dense|64 Dense|8 Dense],sparse_categorical_crossentropy,8,50,50,[0.2553466558456421, 0.943965494632721]
[16 Dense|32 Dense|16 Dense],sparse_categorical_crossentropy,8,50,50,[0.39084571599960327, 0.943965494632721]
[32 Dense|2 Dense|2 Dense],sparse_categorical_crossentropy,8,50,50,[0.36063098907470703, 0.9224137663841248]
[32 Dense|32 Dense|8 Dense],sparse_categorical_crossentropy,8,50,50,[0.2527725398540497, 0.9568965435028076]
[256 Dense|128 Dense],sparse_categorical_crossentropy,8,50,50,[0.7079848647117615, 0.8836206793785095]
[2 Dense|64 Dense|128 Dense],sparse_categorical_crossentropy,8,50,50,[0.2920842468738556, 0.9396551847457886]
[128 Dense|8 Dense|8 Dense],sparse_categorical_crossentropy,8,50,50,[0.36266252398490906, 0.9525862336158752]
[4 Dense|256 Dense|64 Dense],sparse_categorical_crossentropy,8,50,50,[0.37944456934928894, 0.943965494632721]
[16 Dense|16 Dense|2 Dense],sparse_categorical_crossentropy,8,50,50,[0.48894208669662476, 0.8836206793785095]
[4 Dense|64 Dense|4 Dense],sparse_categorical_crossentropy,8,50,50,[0.2569149434566498, 0.931034505367279]
[16 Dense|128 Dense|128 Dense],sparse_categorical_crossentropy,8,50,50,[0.5102550387382507, 0.9094827771186829]
[32 Dense|16 Dense|32 Dense],sparse_categorical_crossentropy,8,50,50,[0.3243387043476105, 0.9525862336158752]
[16 Dense|16 Dense|16 Dense],sparse_categorical_crossentropy,8,50,50,[0.27460455894470215, 0.9568965435028076]
[2 Dense|8 Dense|32 Dense],sparse_categorical_crossentropy,8,50,50,[0.3025439381599426, 0.9094827771186829]
[256 Dense|64 Dense|64 Dense],sparse_categorical_crossentropy,8,50,50,[0.5106707215309143, 0.892241358757019]
[128 Dense|8 Dense],sparse_categorical_crossentropy,8,50,50,[0.5106899738311768, 0.9525862336158752]
[32 Dense|256 Dense|128 Dense],sparse_categorical_crossentropy,8,50,50,[0.4728030562400818, 0.931034505367279]
[256 Dense|128 Dense|32 Dense],sparse_categorical_crossentropy,8,50,50,[0.2915937304496765, 0.943965494632721]
[8 Dense|256 Dense|256 Dense],sparse_categorical_crossentropy,8,50,50,[0.3058076798915863, 0.9396551847457886]
[4 Dense|8 Dense|64 Dense],sparse_categorical_crossentropy,8,50,50,[0.2689324617385864, 0.9525862336158752]
[16 Dense|2 Dense|32 Dense],sparse_categorical_crossentropy,8,50,50,[0.40821897983551025, 0.8836206793785095]
[64 Dense|16 Dense|16 Dense],sparse_categorical_crossentropy,8,50,50,[0.4040364921092987, 0.9482758641242981]
[128 Dense|8 Dense|32 Dense],sparse_categorical_crossentropy,8,50,50,[0.36729952692985535, 0.9525862336158752]
[16 Dense|8 Dense|2 Dense],sparse_categorical_crossentropy,8,50,50,[0.321185827255249, 0.9353448152542114]
[256 Dense|64 Dense|256 Dense],sparse_categorical_crossentropy,8,50,50,[0.6388568878173828, 0.8879310488700867]
[4 Dense|128 Dense|32 Dense],sparse_categorical_crossentropy,8,50,50,[0.27849823236465454, 0.9396551847457886]
[4 Dense|16 Dense],sparse_categorical_crossentropy,8,50,50,[0.2292105108499527, 0.9612069129943848]
[256 Dense|8 Dense|256 Dense],sparse_categorical_crossentropy,8,50,50,[0.23877191543579102, 0.9741379022598267]
[2 Dense|8 Dense|256 Dense],sparse_categorical_crossentropy,8,50,50,[0.3238556385040283, 0.8836206793785095]
[32 Dense|32 Dense|16 Dense],sparse_categorical_crossentropy,8,50,50,[0.32347652316093445, 0.9525862336158752]
[2 Dense|8 Dense|64 Dense],sparse_categorical_crossentropy,8,50,50,[0.3463955521583557, 0.9051724076271057]
[8 Dense|16 Dense|16 Dense],sparse_categorical_crossentropy,8,50,50,[0.25244128704071045, 0.9612069129943848]
[16 Dense|64 Dense],sparse_categorical_crossentropy,8,50,50,[0.32978907227516174, 0.943965494632721]
[32 Dense|256 Dense|64 Dense],sparse_categorical_crossentropy,8,50,50,[0.47014886140823364, 0.9267241358757019]
[256 Dense|256 Dense|128 Dense],sparse_categorical_crossentropy,8,50,50,[0.35351455211639404, 0.9525862336158752]
[256 Dense|32 Dense|64 Dense],sparse_categorical_crossentropy,8,50,50,[0.2633156478404999, 0.9698275923728943]
[16 Dense|128 Dense|8 Dense],sparse_categorical_crossentropy,8,50,50,[0.326606810092926, 0.9267241358757019]
[8 Dense|256 Dense],sparse_categorical_crossentropy,8,50,50,[0.2855920195579529, 0.9482758641242981]
[16 Dense|256 Dense|64 Dense],sparse_categorical_crossentropy,8,50,50,[0.42925697565078735, 0.9267241358757019]
[8 Dense|256 Dense|8 Dense],sparse_categorical_crossentropy,8,50,50,[0.3211500346660614, 0.9525862336158752]
[2 Dense|256 Dense|64 Dense],sparse_categorical_crossentropy,8,50,50,[0.47871506214141846, 0.8706896305084229]
[8 Dense|256 Dense|4 Dense],sparse_categorical_crossentropy,8,50,50,[0.303161084651947, 0.9612069129943848]
[64 Dense|4 Dense|4 Dense],sparse_categorical_crossentropy,8,50,50,[0.2513105571269989, 0.9525862336158752]
[4 Dense|64 Dense|32 Dense],sparse_categorical_crossentropy,8,50,50,[0.31421175599098206, 0.9396551847457886]
[32 Dense|64 Dense|256 Dense],sparse_categorical_crossentropy,8,50,50,[0.4057166576385498, 0.9525862336158752]
[2 Dense|4 Dense|256 Dense],sparse_categorical_crossentropy,8,50,50,[0.4326361417770386, 0.875]
[256 Dense|256 Dense|64 Dense],sparse_categorical_crossentropy,8,50,50,[0.29190024733543396, 0.943965494632721]
[16 Dense|256 Dense],sparse_categorical_crossentropy,8,50,50,[0.3956364393234253, 0.9353448152542114]
[128 Dense|4 Dense|2 Dense],sparse_categorical_crossentropy,8,50,50,[0.4557937979698181, 0.8491379022598267]
[8 Dense|32 Dense|8 Dense],sparse_categorical_crossentropy,8,50,50,[0.35234320163726807, 0.9655172228813171]
[128 Dense|2 Dense|16 Dense],sparse_categorical_crossentropy,8,50,50,[0.2863917946815491, 0.9224137663841248]
[256 Dense|16 Dense|64 Dense],sparse_categorical_crossentropy,8,50,50,[0.3118405044078827, 0.9353448152542114]
[64 Dense|32 Dense],sparse_categorical_crossentropy,8,50,50,[0.4394162893295288, 0.943965494632721]
[32 Dense|4 Dense|16 Dense],sparse_categorical_crossentropy,8,50,50,[0.3183443248271942, 0.9525862336158752]
[128 Dense|32 Dense|256 Dense],sparse_categorical_crossentropy,8,50,50,[0.3140408992767334, 0.9267241358757019]
[16 Dense|128 Dense|32 Dense],sparse_categorical_crossentropy,8,50,50,[0.34430131316185, 0.943965494632721]
[32 Dense|8 Dense|128 Dense],sparse_categorical_crossentropy,8,50,50,[0.3749734163284302, 0.9525862336158752]
[32 Dense|4 Dense|256 Dense],sparse_categorical_crossentropy,8,50,50,[0.4157398045063019, 0.9525862336158752]
[8 Dense|16 Dense|8 Dense],sparse_categorical_crossentropy,8,50,50,[0.19486099481582642, 0.9741379022598267]
[8 Dense|128 Dense|128 Dense],sparse_categorical_crossentropy,8,50,50,[0.3967394232749939, 0.9568965435028076]
[16 Dense|256 Dense|8 Dense],sparse_categorical_crossentropy,8,50,50,[0.2864118218421936, 0.9482758641242981]
[64 Dense|32 Dense|64 Dense],sparse_categorical_crossentropy,8,50,50,[0.3344704806804657, 0.9224137663841248]
[16 Dense|16 Dense|128 Dense],sparse_categorical_crossentropy,8,50,50,[0.31520017981529236, 0.9267241358757019]
[4 Dense|16 Dense|32 Dense],sparse_categorical_crossentropy,8,50,50,[0.1958891749382019, 0.9655172228813171]
[16 Dense|128 Dense],sparse_categorical_crossentropy,8,50,50,[0.4064020812511444, 0.9482758641242981]
[8 Dense|2 Dense|2 Dense],sparse_categorical_crossentropy,8,50,50,[0.35402044653892517, 0.8836206793785095]
[256 Dense|256 Dense|256 Dense],sparse_categorical_crossentropy,8,50,50,[0.3038867712020874, 0.9396551847457886]
[4 Dense|128 Dense|8 Dense],sparse_categorical_crossentropy,8,50,50,[0.31074684858322144, 0.9612069129943848]
[32 Dense|16 Dense|16 Dense],sparse_categorical_crossentropy,8,50,50,[0.3856026530265808, 0.9525862336158752]
[8 Dense|2 Dense|256 Dense],sparse_categorical_crossentropy,8,50,50,[0.3808389902114868, 0.892241358757019]
[8 Dense|8 Dense|16 Dense],sparse_categorical_crossentropy,8,50,50,[0.29217788577079773, 0.9482758641242981]
[256 Dense|128 Dense|8 Dense],sparse_categorical_crossentropy,8,50,50,[0.3178044557571411, 0.9353448152542114]
[64 Dense|16 Dense|4 Dense],sparse_categorical_crossentropy,8,50,50,[0.30662450194358826, 0.943965494632721]
[32 Dense|16 Dense|8 Dense],sparse_categorical_crossentropy,8,50,50,[0.36775514483451843, 0.9525862336158752]
[256 Dense|128 Dense|128 Dense],sparse_categorical_crossentropy,8,50,50,[0.6196737885475159, 0.8793103694915771]
[256 Dense|4 Dense|2 Dense],sparse_categorical_crossentropy,8,50,50,[0.33641692996025085, 0.9008620977401733]
[2 Dense|64 Dense|32 Dense],sparse_categorical_crossentropy,8,50,50,[0.33969995379447937, 0.9137930870056152]
[8 Dense|16 Dense|2 Dense],sparse_categorical_crossentropy,8,50,50,[0.2861650586128235, 0.9353448152542114]
[128 Dense|4 Dense|16 Dense],sparse_categorical_crossentropy,8,50,50,[0.38312476873397827, 0.9482758641242981]
[2 Dense|2 Dense|64 Dense],sparse_categorical_crossentropy,8,50,50,[0.45139339566230774, 0.8103448152542114]
[256 Dense|2 Dense|16 Dense],sparse_categorical_crossentropy,8,50,50,[0.3976931869983673, 0.875]
[256 Dense|32 Dense|4 Dense],sparse_categorical_crossentropy,8,50,50,[0.4014211893081665, 0.943965494632721]
[256 Dense|2 Dense|2 Dense],sparse_categorical_crossentropy,8,50,50,[0.35772866010665894, 0.8965517282485962]
[4 Dense|64 Dense|8 Dense],sparse_categorical_crossentropy,8,50,50,[0.2743399739265442, 0.9612069129943848]
[16 Dense|32 Dense],sparse_categorical_crossentropy,8,50,50,[0.41034403443336487, 0.9568965435028076]
[16 Dense|8 Dense|32 Dense],sparse_categorical_crossentropy,8,50,50,[0.4878377318382263, 0.9137930870056152]
[2 Dense|8 Dense|2 Dense],sparse_categorical_crossentropy,8,50,50,[0.534633219242096, 0.8534482717514038]
[4 Dense|128 Dense|128 Dense],sparse_categorical_crossentropy,8,50,50,[0.28699225187301636, 0.943965494632721]
[8 Dense|128 Dense|16 Dense],sparse_categorical_crossentropy,8,50,50,[0.3044382929801941, 0.9525862336158752]
[32 Dense|16 Dense|128 Dense],sparse_categorical_crossentropy,8,50,50,[0.29722779989242554, 0.9353448152542114]
[32 Dense|128 Dense|64 Dense],sparse_categorical_crossentropy,8,50,50,[0.2664737105369568, 0.9353448152542114]
[2 Dense|64 Dense],sparse_categorical_crossentropy,8,50,50,[0.3546208143234253, 0.892241358757019]
[2 Dense|128 Dense|8 Dense],sparse_categorical_crossentropy,8,50,50,[0.24823033809661865, 0.9525862336158752]
[4 Dense|8 Dense|128 Dense],sparse_categorical_crossentropy,8,50,50,[0.23116502165794373, 0.9525862336158752]
[32 Dense|16 Dense|64 Dense],sparse_categorical_crossentropy,8,50,50,[0.4150291681289673, 0.9525862336158752]
[64 Dense|8 Dense|16 Dense],sparse_categorical_crossentropy,8,50,50,[0.31737053394317627, 0.9525862336158752]
[256 Dense|256 Dense|8 Dense],sparse_categorical_crossentropy,8,50,50,[0.2328817993402481, 0.9655172228813171]
[2 Dense|4 Dense|32 Dense],sparse_categorical_crossentropy,8,50,50,[0.34991350769996643, 0.892241358757019]
[32 Dense|64 Dense|64 Dense],sparse_categorical_crossentropy,8,50,50,[0.3311055302619934, 0.9353448152542114]
[64 Dense|8 Dense|128 Dense],sparse_categorical_crossentropy,8,50,50,[0.43622416257858276, 0.9267241358757019]
[4 Dense|256 Dense|128 Dense],sparse_categorical_crossentropy,8,50,50,[0.3716070353984833, 0.9525862336158752]
[4 Dense],sparse_categorical_crossentropy,8,50,50,[0.17139708995819092, 0.9741379022598267]
[2 Dense|8 Dense|8 Dense],sparse_categorical_crossentropy,8,50,50,[0.37775176763534546, 0.8663793206214905]
[4 Dense|256 Dense|8 Dense],sparse_categorical_crossentropy,8,50,50,[0.2156127393245697, 0.9698275923728943]
[128 Dense|64 Dense|128 Dense],sparse_categorical_crossentropy,8,50,50,[0.30795782804489136, 0.9698275923728943]
[16 Dense|128 Dense|64 Dense],sparse_categorical_crossentropy,8,50,50,[0.35178980231285095, 0.9568965435028076]
[8 Dense|16 Dense],sparse_categorical_crossentropy,8,50,50,[0.26009291410446167, 0.9655172228813171]
[2 Dense|2 Dense|32 Dense],sparse_categorical_crossentropy,8,50,50,[0.34660062193870544, 0.8965517282485962]
[8 Dense|128 Dense],sparse_categorical_crossentropy,8,50,50,[0.40306565165519714, 0.9482758641242981]
[2 Dense|128 Dense|64 Dense],sparse_categorical_crossentropy,8,50,50,[0.32356855273246765, 0.8965517282485962]
[32 Dense|2 Dense|4 Dense],sparse_categorical_crossentropy,8,50,50,[0.34520167112350464, 0.8663793206214905]
[4 Dense|128 Dense|16 Dense],sparse_categorical_crossentropy,8,50,50,[0.23788519203662872, 0.9568965435028076]
[2 Dense|16 Dense],sparse_categorical_crossentropy,8,50,50,[0.41705939173698425, 0.857758641242981]
[128 Dense|32 Dense|8 Dense],sparse_categorical_crossentropy,8,50,50,[0.4466915428638458, 0.9525862336158752]
[8 Dense|2 Dense|128 Dense],sparse_categorical_crossentropy,8,50,50,[0.346498042345047, 0.9353448152542114]
[16 Dense|16 Dense|32 Dense],sparse_categorical_crossentropy,8,50,50,[0.3960217535495758, 0.9353448152542114]
[8 Dense|64 Dense|8 Dense],sparse_categorical_crossentropy,8,50,50,[0.3867832124233246, 0.9482758641242981]
[4 Dense|16 Dense|128 Dense],sparse_categorical_crossentropy,8,50,50,[0.2748259902000427, 0.9525862336158752]
[8 Dense|128 Dense|8 Dense],sparse_categorical_crossentropy,8,50,50,[0.36944177746772766, 0.9396551847457886]
[4 Dense|128 Dense],sparse_categorical_crossentropy,8,50,50,[0.3575180172920227, 0.9353448152542114]
[16 Dense|128 Dense|16 Dense],sparse_categorical_crossentropy,8,50,50,[0.46345868706703186, 0.9353448152542114]
[2 Dense|32 Dense|128 Dense],sparse_categorical_crossentropy,8,50,50,[0.38202616572380066, 0.8275862336158752]
[128 Dense|2 Dense|64 Dense],sparse_categorical_crossentropy,8,50,50,[0.3860127925872803, 0.8965517282485962]
[16 Dense|4 Dense|8 Dense],sparse_categorical_crossentropy,8,50,50,[0.3554755449295044, 0.9482758641242981]
[256 Dense|2 Dense|256 Dense],sparse_categorical_crossentropy,8,50,50,[0.3779312074184418, 0.9051724076271057]
[256 Dense|16 Dense|128 Dense],sparse_categorical_crossentropy,8,50,50,[0.35188165307044983, 0.9181034564971924]
[16 Dense|32 Dense|32 Dense],sparse_categorical_crossentropy,8,50,50,[0.3363840579986572, 0.943965494632721]
[16 Dense|128 Dense|4 Dense],sparse_categorical_crossentropy,8,50,50,[0.3110562264919281, 0.9698275923728943]
[64 Dense|64 Dense|32 Dense],sparse_categorical_crossentropy,8,50,50,[0.32352522015571594, 0.9525862336158752]
[32 Dense|8 Dense|4 Dense],sparse_categorical_crossentropy,8,50,50,[0.3396190106868744, 0.9525862336158752]
[2 Dense|64 Dense|4 Dense],sparse_categorical_crossentropy,8,50,50,[0.3590398132801056, 0.9525862336158752]
[2 Dense|16 Dense|32 Dense],sparse_categorical_crossentropy,8,50,50,[0.4996676743030548, 0.892241358757019]
[128 Dense|32 Dense|64 Dense],sparse_categorical_crossentropy,8,50,50,[0.18665507435798645, 0.9698275923728943]
[4 Dense|16 Dense|4 Dense],sparse_categorical_crossentropy,8,50,50,[0.2893061339855194, 0.9568965435028076]
[2 Dense|2 Dense|256 Dense],sparse_categorical_crossentropy,8,50,50,[0.36259499192237854, 0.9094827771186829]
[4 Dense|32 Dense],sparse_categorical_crossentropy,8,50,50,[0.41000404953956604, 0.9181034564971924]
[2 Dense|128 Dense|4 Dense],sparse_categorical_crossentropy,8,50,50,[0.5405023097991943, 0.8836206793785095]
[2 Dense|16 Dense|128 Dense],sparse_categorical_crossentropy,8,50,50,[0.33229923248291016, 0.9224137663841248]
[2 Dense|2 Dense|8 Dense],sparse_categorical_crossentropy,8,50,50,[0.36151307821273804, 0.8879310488700867]
[8 Dense|32 Dense|256 Dense],sparse_categorical_crossentropy,8,50,50,[0.5136354565620422, 0.9181034564971924]
[4 Dense|32 Dense|8 Dense],sparse_categorical_crossentropy,8,50,50,[0.3828003406524658, 0.9396551847457886]
[256 Dense|32 Dense|2 Dense],sparse_categorical_crossentropy,8,50,50,[0.35530194640159607, 0.8534482717514038]
[4 Dense|8 Dense|16 Dense],sparse_categorical_crossentropy,8,50,50,[0.3897913694381714, 0.9482758641242981]
[128 Dense|16 Dense|256 Dense],sparse_categorical_crossentropy,8,50,50,[0.2527708113193512, 0.9655172228813171]
[4 Dense|2 Dense|32 Dense],sparse_categorical_crossentropy,8,50,50,[0.41213110089302063, 0.9137930870056152]
[64 Dense|256 Dense|128 Dense],sparse_categorical_crossentropy,8,50,50,[0.6872496008872986, 0.8879310488700867]
[256 Dense|32 Dense|8 Dense],sparse_categorical_crossentropy,8,50,50,[0.39016586542129517, 0.9482758641242981]
[64 Dense|8 Dense|2 Dense],sparse_categorical_crossentropy,8,50,50,[0.41495296359062195, 0.8706896305084229]
[2 Dense|32 Dense|4 Dense],sparse_categorical_crossentropy,8,50,50,[0.40591198205947876, 0.8620689511299133]
[16 Dense|256 Dense|32 Dense],sparse_categorical_crossentropy,8,50,50,[0.35522231459617615, 0.9396551847457886]
[2 Dense|32 Dense|16 Dense],sparse_categorical_crossentropy,8,50,50,[0.4178376793861389, 0.9008620977401733]
[8 Dense|64 Dense|64 Dense],sparse_categorical_crossentropy,8,50,50,[0.19986937940120697, 0.9741379022598267]
[16 Dense|64 Dense|2 Dense],sparse_categorical_crossentropy,8,50,50,[0.37849995493888855, 0.8793103694915771]
[256 Dense|2 Dense|8 Dense],sparse_categorical_crossentropy,8,50,50,[0.3460409641265869, 0.9267241358757019]
[256 Dense|64 Dense],sparse_categorical_crossentropy,8,50,50,[0.4417343735694885, 0.931034505367279]
[256 Dense|64 Dense|2 Dense],sparse_categorical_crossentropy,8,50,50,[0.3264480531215668, 0.8793103694915771]
[2 Dense|256 Dense|32 Dense],sparse_categorical_crossentropy,8,50,50,[0.4692710340023041, 0.8362069129943848]
[2 Dense|2 Dense|2 Dense],sparse_categorical_crossentropy,8,50,50,[0.7243390083312988, 0.7456896305084229]
[32 Dense|8 Dense],sparse_categorical_crossentropy,8,50,50,[0.3076738715171814, 0.9525862336158752]
[64 Dense|2 Dense|16 Dense],sparse_categorical_crossentropy,8,50,50,[0.4590679705142975, 0.8965517282485962]
[4 Dense|4 Dense|256 Dense],sparse_categorical_crossentropy,8,50,50,[0.2984354496002197, 0.9568965435028076]
[256 Dense|16 Dense|16 Dense],sparse_categorical_crossentropy,8,50,50,[0.39926251769065857, 0.9525862336158752]
[16 Dense|4 Dense|64 Dense],sparse_categorical_crossentropy,8,50,50,[0.3243969976902008, 0.9568965435028076]
[256 Dense|8 Dense|16 Dense],sparse_categorical_crossentropy,8,50,50,[0.3906393051147461, 0.9525862336158752]
[256 Dense|4 Dense|32 Dense],sparse_categorical_crossentropy,8,50,50,[0.36127930879592896, 0.943965494632721]
[4 Dense|2 Dense|256 Dense],sparse_categorical_crossentropy,8,50,50,[0.42325359582901, 0.9181034564971924]
[64 Dense|256 Dense],sparse_categorical_crossentropy,8,50,50,[0.40330779552459717, 0.9525862336158752]
[2 Dense|256 Dense|128 Dense],sparse_categorical_crossentropy,8,50,50,[0.5636000633239746, 0.8405172228813171]
[16 Dense|32 Dense|2 Dense],sparse_categorical_crossentropy,8,50,50,[0.34629347920417786, 0.8663793206214905]
[32 Dense|64 Dense|128 Dense],sparse_categorical_crossentropy,8,50,50,[0.45645564794540405, 0.9008620977401733]
[128 Dense|4 Dense],sparse_categorical_crossentropy,8,50,50,[0.3065378963947296, 0.9525862336158752]
[32 Dense|64 Dense|8 Dense],sparse_categorical_crossentropy,8,50,50,[0.3205633759498596, 0.9568965435028076]
[2 Dense|256 Dense|8 Dense],sparse_categorical_crossentropy,8,50,50,[0.4859951138496399, 0.8318965435028076]
[16 Dense|4 Dense|16 Dense],sparse_categorical_crossentropy,8,50,50,[0.44165924191474915, 0.9482758641242981]
[64 Dense|8 Dense|64 Dense],sparse_categorical_crossentropy,8,50,50,[0.29029786586761475, 0.9568965435028076]
[256 Dense|128 Dense|256 Dense],sparse_categorical_crossentropy,8,50,50,[0.6401740908622742, 0.8965517282485962]
[64 Dense|16 Dense|256 Dense],sparse_categorical_crossentropy,8,50,50,[0.2954270541667938, 0.9482758641242981]
[16 Dense|32 Dense|256 Dense],sparse_categorical_crossentropy,8,50,50,[0.27524271607398987, 0.9568965435028076]
[64 Dense|2 Dense|2 Dense],sparse_categorical_crossentropy,8,50,50,[0.4195440113544464, 0.8663793206214905]
[256 Dense|32 Dense|256 Dense],sparse_categorical_crossentropy,8,50,50,[0.25373393297195435, 0.9655172228813171]
[32 Dense|64 Dense|32 Dense],sparse_categorical_crossentropy,8,50,50,[0.3971719741821289, 0.9224137663841248]
[128 Dense|256 Dense|64 Dense],sparse_categorical_crossentropy,8,50,50,[0.6221256852149963, 0.892241358757019]
[64 Dense|8 Dense|256 Dense],sparse_categorical_crossentropy,8,50,50,[0.3501115143299103, 0.931034505367279]
[8 Dense|32 Dense|2 Dense],sparse_categorical_crossentropy,8,50,50,[0.35961148142814636, 0.9181034564971924]
[64 Dense|8 Dense|32 Dense],sparse_categorical_crossentropy,8,50,50,[0.25952014327049255, 0.9612069129943848]
[2 Dense|128 Dense],sparse_categorical_crossentropy,8,50,50,[0.31268957257270813, 0.9181034564971924]
[4 Dense|32 Dense|4 Dense],sparse_categorical_crossentropy,8,50,50,[0.3117116093635559, 0.9267241358757019]
[128 Dense|4 Dense|128 Dense],sparse_categorical_crossentropy,8,50,50,[0.23536193370819092, 0.9525862336158752]
[64 Dense|256 Dense|16 Dense],sparse_categorical_crossentropy,8,50,50,[0.33501341938972473, 0.9396551847457886]
[8 Dense|4 Dense],sparse_categorical_crossentropy,8,50,50,[0.16392852365970612, 0.9568965435028076]
[64 Dense|16 Dense|8 Dense],sparse_categorical_crossentropy,8,50,50,[0.3573732376098633, 0.9525862336158752]
[32 Dense|32 Dense|64 Dense],sparse_categorical_crossentropy,8,50,50,[0.27236005663871765, 0.9482758641242981]
[4 Dense|32 Dense|128 Dense],sparse_categorical_crossentropy,8,50,50,[0.3152734041213989, 0.9568965435028076]
[2 Dense|8 Dense],sparse_categorical_crossentropy,8,50,50,[0.34048229455947876, 0.8879310488700867]
[16 Dense|2 Dense|2 Dense],sparse_categorical_crossentropy,8,50,50,[0.38551065325737, 0.9094827771186829]
[8 Dense|2 Dense|64 Dense],sparse_categorical_crossentropy,8,50,50,[0.26420027017593384, 0.9612069129943848]
[32 Dense|8 Dense|16 Dense],sparse_categorical_crossentropy,8,50,50,[0.29534634947776794, 0.9482758641242981]
[256 Dense|128 Dense|2 Dense],sparse_categorical_crossentropy,8,50,50,[0.5165759921073914, 0.8663793206214905]
[8 Dense|4 Dense|8 Dense],sparse_categorical_crossentropy,8,50,50,[0.2801301181316376, 0.9655172228813171]
[16 Dense|8 Dense|128 Dense],sparse_categorical_crossentropy,8,50,50,[0.2892025113105774, 0.9482758641242981]
[4 Dense|2 Dense],sparse_categorical_crossentropy,8,50,50,[0.25409454107284546, 0.9267241358757019]
[8 Dense|2 Dense|32 Dense],sparse_categorical_crossentropy,8,50,50,[0.24775172770023346, 0.943965494632721]
[256 Dense|256 Dense],sparse_categorical_crossentropy,8,50,50,[0.328694224357605, 0.9698275923728943]
[8 Dense|4 Dense|16 Dense],sparse_categorical_crossentropy,8,50,50,[0.1751914918422699, 0.9655172228813171]
[32 Dense|128 Dense|8 Dense],sparse_categorical_crossentropy,8,50,50,[0.30515700578689575, 0.9525862336158752]
[128 Dense|16 Dense|4 Dense],sparse_categorical_crossentropy,8,50,50,[0.32456883788108826, 0.9396551847457886]
[32 Dense],sparse_categorical_crossentropy,8,50,50,[0.2564799189567566, 0.9612069129943848]
[32 Dense|32 Dense|32 Dense],sparse_categorical_crossentropy,8,50,50,[0.24854940176010132, 0.9698275923728943]
[16 Dense|16 Dense|4 Dense],sparse_categorical_crossentropy,8,50,50,[0.29551222920417786, 0.9612069129943848]
[2 Dense|8 Dense|128 Dense],sparse_categorical_crossentropy,8,50,50,[0.3014161288738251, 0.9396551847457886]
[2 Dense|256 Dense|4 Dense],sparse_categorical_crossentropy,8,50,50,[0.3022509217262268, 0.9224137663841248]
[64 Dense|16 Dense|32 Dense],sparse_categorical_crossentropy,8,50,50,[0.2835494875907898, 0.9525862336158752]
[32 Dense|256 Dense|16 Dense],sparse_categorical_crossentropy,8,50,50,[0.293857604265213, 0.931034505367279]
[32 Dense|64 Dense|4 Dense],sparse_categorical_crossentropy,8,50,50,[0.38829007744789124, 0.9396551847457886]
[32 Dense|128 Dense|128 Dense],sparse_categorical_crossentropy,8,50,50,[0.32649746537208557, 0.9482758641242981]
[4 Dense|4 Dense|32 Dense],sparse_categorical_crossentropy,8,50,50,[0.31117597222328186, 0.9655172228813171]
[4 Dense|4 Dense|4 Dense],sparse_categorical_crossentropy,8,50,50,[0.18816189467906952, 0.9698275923728943]
[128 Dense|128 Dense|2 Dense],sparse_categorical_crossentropy,8,50,50,[0.3209744393825531, 0.8793103694915771]
[2 Dense|2 Dense|4 Dense],sparse_categorical_crossentropy,8,50,50,[0.4158153831958771, 0.818965494632721]
[64 Dense|4 Dense|8 Dense],sparse_categorical_crossentropy,8,50,50,[0.30334341526031494, 0.9396551847457886]
[128 Dense|2 Dense|32 Dense],sparse_categorical_crossentropy,8,50,50,[0.29071709513664246, 0.9267241358757019]
[64 Dense|2 Dense|64 Dense],sparse_categorical_crossentropy,8,50,50,[0.2800663113594055, 0.9353448152542114]
[4 Dense|64 Dense],sparse_categorical_crossentropy,8,50,50,[0.33145445585250854, 0.9655172228813171]
[8 Dense|2 Dense],sparse_categorical_crossentropy,8,50,50,[0.4191567897796631, 0.8663793206214905]
[64 Dense|128 Dense|2 Dense],sparse_categorical_crossentropy,8,50,50,[0.4008890986442566, 0.875]
[32 Dense|16 Dense|256 Dense],sparse_categorical_crossentropy,8,50,50,[0.2657093405723572, 0.9655172228813171]
[128 Dense|16 Dense|64 Dense],sparse_categorical_crossentropy,8,50,50,[0.2995082139968872, 0.9525862336158752]
[64 Dense|128 Dense|64 Dense],sparse_categorical_crossentropy,8,50,50,[0.36810868978500366, 0.9525862336158752]
[32 Dense|64 Dense|16 Dense],sparse_categorical_crossentropy,8,50,50,[0.36518946290016174, 0.9525862336158752]
[16 Dense|4 Dense|2 Dense],sparse_categorical_crossentropy,8,50,50,[0.3167625367641449, 0.9137930870056152]
[16 Dense|2 Dense],sparse_categorical_crossentropy,8,50,50,[0.2880116105079651, 0.931034505367279]
[4 Dense|32 Dense|64 Dense],sparse_categorical_crossentropy,8,50,50,[0.4187012314796448, 0.9396551847457886]
[8 Dense|256 Dense|128 Dense],sparse_categorical_crossentropy,8,50,50,[0.6347466111183167, 0.892241358757019]
[8 Dense|128 Dense|4 Dense],sparse_categorical_crossentropy,8,50,50,[0.3303607404232025, 0.9568965435028076]
[2 Dense],sparse_categorical_crossentropy,8,50,50,[0.43643519282341003, 0.806034505367279]
[128 Dense|8 Dense|64 Dense],sparse_categorical_crossentropy,8,50,50,[0.4300476908683777, 0.931034505367279]
[64 Dense|2 Dense|32 Dense],sparse_categorical_crossentropy,8,50,50,[0.4282490015029907, 0.8620689511299133]
[256 Dense|8 Dense|32 Dense],sparse_categorical_crossentropy,8,50,50,[0.4546669125556946, 0.931034505367279]
[64 Dense|32 Dense|256 Dense],sparse_categorical_crossentropy,8,50,50,[0.500464916229248, 0.8879310488700867]
[16 Dense|8 Dense],sparse_categorical_crossentropy,8,50,50,[0.3069463074207306, 0.9482758641242981]
[64 Dense|128 Dense],sparse_categorical_crossentropy,8,50,50,[0.39177826046943665, 0.943965494632721]
[16 Dense|64 Dense|16 Dense],sparse_categorical_crossentropy,8,50,50,[0.32571303844451904, 0.9568965435028076]
[64 Dense|4 Dense|32 Dense],sparse_categorical_crossentropy,8,50,50,[0.4091891944408417, 0.9525862336158752]
[16 Dense|2 Dense|128 Dense],sparse_categorical_crossentropy,8,50,50,[0.2726052403450012, 0.9525862336158752]
[32 Dense|256 Dense|256 Dense],sparse_categorical_crossentropy,8,50,50,[0.6321302056312561, 0.875]
[2 Dense|16 Dense|4 Dense],sparse_categorical_crossentropy,8,50,50,[0.32996973395347595, 0.8793103694915771]
[256 Dense|4 Dense|16 Dense],sparse_categorical_crossentropy,8,50,50,[0.2832513153553009, 0.943965494632721]
[8 Dense|256 Dense|2 Dense],sparse_categorical_crossentropy,8,50,50,[0.43155479431152344, 0.8491379022598267]
[4 Dense|32 Dense|256 Dense],sparse_categorical_crossentropy,8,50,50,[0.39434024691581726, 0.9698275923728943]
[4 Dense|256 Dense|16 Dense],sparse_categorical_crossentropy,8,50,50,[0.3415279686450958, 0.9396551847457886]
[4 Dense|64 Dense|2 Dense],sparse_categorical_crossentropy,8,50,50,[0.36366862058639526, 0.818965494632721]
[32 Dense|128 Dense|32 Dense],sparse_categorical_crossentropy,8,50,50,[0.41254502534866333, 0.9482758641242981]
[64 Dense],sparse_categorical_crossentropy,8,50,50,[0.30169326066970825, 0.9525862336158752]
[32 Dense|16 Dense|4 Dense],sparse_categorical_crossentropy,8,50,50,[0.23146496713161469, 0.9698275923728943]
[2 Dense|64 Dense|2 Dense],sparse_categorical_crossentropy,8,50,50,[0.5736396312713623, 0.8232758641242981]
[32 Dense|8 Dense|256 Dense],sparse_categorical_crossentropy,8,50,50,[0.3919874131679535, 0.9137930870056152]
[256 Dense|32 Dense|32 Dense],sparse_categorical_crossentropy,8,50,50,[0.4955042898654938, 0.892241358757019]
[4 Dense|8 Dense|32 Dense],sparse_categorical_crossentropy,8,50,50,[0.24001255631446838, 0.9698275923728943]
[2 Dense|64 Dense|16 Dense],sparse_categorical_crossentropy,8,50,50,[0.4313261806964874, 0.8793103694915771]
[128 Dense|256 Dense],sparse_categorical_crossentropy,8,50,50,[0.5745616555213928, 0.9525862336158752]
[8 Dense|256 Dense|32 Dense],sparse_categorical_crossentropy,8,50,50,[0.3963746726512909, 0.9353448152542114]
[256 Dense|4 Dense|64 Dense],sparse_categorical_crossentropy,8,50,50,[0.528921902179718, 0.8879310488700867]
[128 Dense|16 Dense|16 Dense],sparse_categorical_crossentropy,8,50,50,[0.36148807406425476, 0.9525862336158752]
[16 Dense|4 Dense|32 Dense],sparse_categorical_crossentropy,8,50,50,[0.312671422958374, 0.9655172228813171]
[128 Dense|32 Dense],sparse_categorical_crossentropy,8,50,50,[0.464922696352005, 0.9267241358757019]
[64 Dense|32 Dense|8 Dense],sparse_categorical_crossentropy,8,50,50,[0.32116666436195374, 0.9525862336158752]
[64 Dense|256 Dense|256 Dense],sparse_categorical_crossentropy,8,50,50,[0.4198101758956909, 0.8965517282485962]
[2 Dense|16 Dense|64 Dense],sparse_categorical_crossentropy,8,50,50,[0.44404739141464233, 0.8275862336158752]
[32 Dense|2 Dense],sparse_categorical_crossentropy,8,50,50,[0.3089717924594879, 0.9137930870056152]
[32 Dense|4 Dense|32 Dense],sparse_categorical_crossentropy,8,50,50,[0.21841266751289368, 0.9698275923728943]
[256 Dense|32 Dense|128 Dense],sparse_categorical_crossentropy,8,50,50,[0.5493090152740479, 0.8965517282485962]
[16 Dense|256 Dense|16 Dense],sparse_categorical_crossentropy,8,50,50,[0.35776934027671814, 0.943965494632721]
[64 Dense|64 Dense|256 Dense],sparse_categorical_crossentropy,8,50,50,[0.7377059459686279, 0.8836206793785095]
[256 Dense|16 Dense|32 Dense],sparse_categorical_crossentropy,8,50,50,[0.3524147570133209, 0.9482758641242981]
[64 Dense|4 Dense|256 Dense],sparse_categorical_crossentropy,8,50,50,[0.3216131031513214, 0.9698275923728943]
[2 Dense|32 Dense|8 Dense],sparse_categorical_crossentropy,8,50,50,[0.3315489888191223, 0.931034505367279]
[32 Dense|8 Dense|64 Dense],sparse_categorical_crossentropy,8,50,50,[0.3567858934402466, 0.9525862336158752]
[256 Dense|16 Dense|2 Dense],sparse_categorical_crossentropy,8,50,50,[0.39489543437957764, 0.875]
[128 Dense|64 Dense|8 Dense],sparse_categorical_crossentropy,8,50,50,[0.7410988211631775, 0.8405172228813171]
[64 Dense|16 Dense|64 Dense],sparse_categorical_crossentropy,8,50,50,[0.24874114990234375, 0.9698275923728943]
[32 Dense|2 Dense|16 Dense],sparse_categorical_crossentropy,8,50,50,[0.4248068928718567, 0.9008620977401733]
[64 Dense|64 Dense],sparse_categorical_crossentropy,8,50,50,[0.30250734090805054, 0.9525862336158752]
[16 Dense|2 Dense|256 Dense],sparse_categorical_crossentropy,8,50,50,[0.37818095088005066, 0.9267241358757019]
[64 Dense|32 Dense|4 Dense],sparse_categorical_crossentropy,8,50,50,[0.2836836576461792, 0.943965494632721]
[64 Dense|128 Dense|16 Dense],sparse_categorical_crossentropy,8,50,50,[0.35120314359664917, 0.9267241358757019]
[128 Dense|256 Dense|4 Dense],sparse_categorical_crossentropy,8,50,50,[0.40138861536979675, 0.931034505367279]
[16 Dense|8 Dense|8 Dense],sparse_categorical_crossentropy,8,50,50,[0.33599263429641724, 0.9698275923728943]
[256 Dense|4 Dense|128 Dense],sparse_categorical_crossentropy,8,50,50,[0.2614266574382782, 0.9698275923728943]
[8 Dense|128 Dense|2 Dense],sparse_categorical_crossentropy,8,50,50,[0.35286009311676025, 0.8793103694915771]
[4 Dense|16 Dense|8 Dense],sparse_categorical_crossentropy,8,50,50,[0.24922984838485718, 0.9525862336158752]
[256 Dense|2 Dense],sparse_categorical_crossentropy,8,50,50,[0.3348068296909332, 0.9094827771186829]
[4 Dense|2 Dense|128 Dense],sparse_categorical_crossentropy,8,50,50,[0.3648008406162262, 0.9008620977401733]
[4 Dense|8 Dense],sparse_categorical_crossentropy,8,50,50,[0.3509489893913269, 0.9698275923728943]
[4 Dense|128 Dense|256 Dense],sparse_categorical_crossentropy,8,50,50,[0.2624325454235077, 0.9396551847457886]
[16 Dense|2 Dense|16 Dense],sparse_categorical_crossentropy,8,50,50,[0.2535583972930908, 0.9353448152542114]
[8 Dense|16 Dense|256 Dense],sparse_categorical_crossentropy,8,50,50,[0.5257445573806763, 0.9353448152542114]
[256 Dense|4 Dense|8 Dense],sparse_categorical_crossentropy,8,50,50,[0.3676435947418213, 0.943965494632721]
[64 Dense|32 Dense|32 Dense],sparse_categorical_crossentropy,8,50,50,[0.35535135865211487, 0.9525862336158752]
[8 Dense|64 Dense|128 Dense],sparse_categorical_crossentropy,8,50,50,[0.40084847807884216, 0.9482758641242981]
[64 Dense|2 Dense|4 Dense],sparse_categorical_crossentropy,8,50,50,[0.38615819811820984, 0.9181034564971924]
[4 Dense|2 Dense|2 Dense],sparse_categorical_crossentropy,8,50,50,[0.3839374780654907, 0.7931034564971924]
[256 Dense|8 Dense|64 Dense],sparse_categorical_crossentropy,8,50,50,[0.2883172333240509, 0.9568965435028076]
[256 Dense],sparse_categorical_crossentropy,8,50,50,[0.6870627999305725, 0.9525862336158752]
[2 Dense|4 Dense|64 Dense],sparse_categorical_crossentropy,8,50,50,[0.43375465273857117, 0.8663793206214905]
[256 Dense|4 Dense|4 Dense],sparse_categorical_crossentropy,8,50,50,[0.398800790309906, 0.9525862336158752]
[128 Dense|128 Dense|32 Dense],sparse_categorical_crossentropy,8,50,50,[0.46402400732040405, 0.8965517282485962]
[4 Dense|2 Dense|4 Dense],sparse_categorical_crossentropy,8,50,50,[0.4117946922779083, 0.8534482717514038]
[128 Dense|64 Dense|16 Dense],sparse_categorical_crossentropy,8,50,50,[0.3978460431098938, 0.9525862336158752]
[4 Dense|16 Dense|64 Dense],sparse_categorical_crossentropy,8,50,50,[0.35836049914360046, 0.9525862336158752]
[16 Dense|4 Dense|128 Dense],sparse_categorical_crossentropy,8,50,50,[0.28583672642707825, 0.9698275923728943]
[2 Dense|16 Dense|8 Dense],sparse_categorical_crossentropy,8,50,50,[0.2604195773601532, 0.931034505367279]
[2 Dense|32 Dense|64 Dense],sparse_categorical_crossentropy,8,50,50,[0.5102536678314209, 0.857758641242981]
[2 Dense|128 Dense|256 Dense],sparse_categorical_crossentropy,8,50,50,[0.3503166139125824, 0.892241358757019]
[16 Dense|64 Dense|8 Dense],sparse_categorical_crossentropy,8,50,50,[0.28779229521751404, 0.9525862336158752]
[4 Dense|32 Dense|2 Dense],sparse_categorical_crossentropy,8,50,50,[0.2614123523235321, 0.9267241358757019]
[16 Dense|256 Dense|4 Dense],sparse_categorical_crossentropy,8,50,50,[0.36822062730789185, 0.9525862336158752]
[128 Dense|64 Dense],sparse_categorical_crossentropy,8,50,50,[0.4143662750720978, 0.9525862336158752]
[32 Dense|4 Dense|4 Dense],sparse_categorical_crossentropy,8,50,50,[0.2788165211677551, 0.9525862336158752]
[64 Dense|32 Dense|128 Dense],sparse_categorical_crossentropy,8,50,50,[0.3114871382713318, 0.931034505367279]
[256 Dense|32 Dense|16 Dense],sparse_categorical_crossentropy,8,50,50,[0.3346010744571686, 0.931034505367279]
[2 Dense|128 Dense|128 Dense],sparse_categorical_crossentropy,8,50,50,[0.36483898758888245, 0.8965517282485962]
[8 Dense|64 Dense|4 Dense],sparse_categorical_crossentropy,8,50,50,[0.2812150716781616, 0.9525862336158752]
[4 Dense|8 Dense|4 Dense],sparse_categorical_crossentropy,8,50,50,[0.23386847972869873, 0.9655172228813171]
[2 Dense|256 Dense],sparse_categorical_crossentropy,8,50,50,[0.4183051288127899, 0.9094827771186829]
[2 Dense|128 Dense|2 Dense],sparse_categorical_crossentropy,8,50,50,[0.2973572909832001, 0.9008620977401733]
[64 Dense|16 Dense|2 Dense],sparse_categorical_crossentropy,8,50,50,[0.39820167422294617, 0.8879310488700867]
[32 Dense|4 Dense|8 Dense],sparse_categorical_crossentropy,8,50,50,[0.39264363050460815, 0.9482758641242981]
[8 Dense|8 Dense|4 Dense],sparse_categorical_crossentropy,8,50,50,[0.26980963349342346, 0.9655172228813171]
[4 Dense|64 Dense|128 Dense],sparse_categorical_crossentropy,8,50,50,[0.2188592404127121, 0.9741379022598267]
[16 Dense|32 Dense|128 Dense],sparse_categorical_crossentropy,8,50,50,[0.41647475957870483, 0.9267241358757019]
[8 Dense|8 Dense|64 Dense],sparse_categorical_crossentropy,8,50,50,[0.3265400230884552, 0.9568965435028076]
[2 Dense|2 Dense|16 Dense],sparse_categorical_crossentropy,8,50,50,[0.27981194853782654, 0.9051724076271057]
[16 Dense|64 Dense|64 Dense],sparse_categorical_crossentropy,8,50,50,[0.23426522314548492, 0.9698275923728943]
[128 Dense|32 Dense|2 Dense],sparse_categorical_crossentropy,8,50,50,[0.3910001516342163, 0.8793103694915771]
[16 Dense|128 Dense|256 Dense],sparse_categorical_crossentropy,8,50,50,[0.5397285223007202, 0.9008620977401733]
[128 Dense|128 Dense|64 Dense],sparse_categorical_crossentropy,8,50,50,[0.24102360010147095, 0.9655172228813171]
[32 Dense|128 Dense|16 Dense],sparse_categorical_crossentropy,8,50,50,[0.3986193537712097, 0.9482758641242981]
[4 Dense|4 Dense|16 Dense],sparse_categorical_crossentropy,8,50,50,[0.3202521800994873, 0.9655172228813171]
[2 Dense|128 Dense|32 Dense],sparse_categorical_crossentropy,8,50,50,[0.44257068634033203, 0.8793103694915771]
[4 Dense|256 Dense|4 Dense],sparse_categorical_crossentropy,8,50,50,[0.3278535306453705, 0.9353448152542114]
[8 Dense|64 Dense|32 Dense],sparse_categorical_crossentropy,8,50,50,[0.4846581220626831, 0.9181034564971924]
[256 Dense|4 Dense],sparse_categorical_crossentropy,8,50,50,[0.3184361755847931, 0.9482758641242981]
[64 Dense|128 Dense|4 Dense],sparse_categorical_crossentropy,8,50,50,[0.38772740960121155, 0.9568965435028076]
[16 Dense|2 Dense|8 Dense],sparse_categorical_crossentropy,8,50,50,[0.3341318666934967, 0.9181034564971924]
[16 Dense|8 Dense|256 Dense],sparse_categorical_crossentropy,8,50,50,[0.3998658359050751, 0.9482758641242981]
[2 Dense|2 Dense],sparse_categorical_crossentropy,8,50,50,[0.38787978887557983, 0.9051724076271057]
[16 Dense|4 Dense|256 Dense],sparse_categorical_crossentropy,8,50,50,[0.22784440219402313, 0.9482758641242981]
[8 Dense|8 Dense|8 Dense],sparse_categorical_crossentropy,8,50,50,[0.26940444111824036, 0.9655172228813171]
[128 Dense|128 Dense|256 Dense],sparse_categorical_crossentropy,8,50,50,[0.37505561113357544, 0.9267241358757019]
[256 Dense|2 Dense|4 Dense],sparse_categorical_crossentropy,8,50,50,[0.3225906491279602, 0.875]
[8 Dense|8 Dense|2 Dense],sparse_categorical_crossentropy,8,50,50,[0.35056284070014954, 0.8879310488700867]
[16 Dense|8 Dense|64 Dense],sparse_categorical_crossentropy,8,50,50,[0.2554502785205841, 0.9568965435028076]
[128 Dense|4 Dense|4 Dense],sparse_categorical_crossentropy,8,50,50,[0.34363627433776855, 0.9568965435028076]
[128 Dense|256 Dense|2 Dense],sparse_categorical_crossentropy,8,50,50,[0.5940640568733215, 0.8448275923728943]
[32 Dense|2 Dense|256 Dense],sparse_categorical_crossentropy,8,50,50,[0.38908323645591736, 0.9224137663841248]
[32 Dense|8 Dense|32 Dense],sparse_categorical_crossentropy,8,50,50,[0.3777633607387543, 0.9482758641242981]
[64 Dense|4 Dense|64 Dense],sparse_categorical_crossentropy,8,50,50,[0.3497079908847809, 0.9353448152542114]
[128 Dense|8 Dense|4 Dense],sparse_categorical_crossentropy,8,50,50,[0.5081342458724976, 0.9525862336158752]
[256 Dense|8 Dense|8 Dense],sparse_categorical_crossentropy,8,50,50,[0.4305369257926941, 0.9525862336158752]
[256 Dense|2 Dense|128 Dense],sparse_categorical_crossentropy,8,50,50,[0.3623798191547394, 0.9267241358757019]
[128 Dense|8 Dense|256 Dense],sparse_categorical_crossentropy,8,50,50,[0.23709632456302643, 0.9698275923728943]
[32 Dense|256 Dense|2 Dense],sparse_categorical_crossentropy,8,50,50,[0.4863477051258087, 0.8103448152542114]
[4 Dense|16 Dense|2 Dense],sparse_categorical_crossentropy,8,50,50,[0.3079879581928253, 0.8879310488700867]
[256 Dense|32 Dense],sparse_categorical_crossentropy,8,50,50,[0.39092472195625305, 0.9525862336158752]
[16 Dense|32 Dense|8 Dense],sparse_categorical_crossentropy,8,50,50,[0.35306376218795776, 0.943965494632721]
[128 Dense|128 Dense|4 Dense],sparse_categorical_crossentropy,8,50,50,[0.30451688170433044, 0.9698275923728943]
[32 Dense|32 Dense|128 Dense],sparse_categorical_crossentropy,8,50,50,[0.39430469274520874, 0.9525862336158752]
[32 Dense|128 Dense|4 Dense],sparse_categorical_crossentropy,8,50,50,[0.38910672068595886, 0.9525862336158752]
[8 Dense|16 Dense|128 Dense],sparse_categorical_crossentropy,8,50,50,[0.31913304328918457, 0.9655172228813171]
[128 Dense|32 Dense|128 Dense],sparse_categorical_crossentropy,8,50,50,[0.3917665183544159, 0.9181034564971924]
[256 Dense|64 Dense|128 Dense],sparse_categorical_crossentropy,8,50,50,[0.5534446239471436, 0.9051724076271057]
[64 Dense|128 Dense|256 Dense],sparse_categorical_crossentropy,8,50,50,[0.47100579738616943, 0.8965517282485962]
[64 Dense|128 Dense|8 Dense],sparse_categorical_crossentropy,8,50,50,[0.3684702515602112, 0.9353448152542114]
[128 Dense|256 Dense|8 Dense],sparse_categorical_crossentropy,8,50,50,[0.31391727924346924, 0.9525862336158752]
[256 Dense|256 Dense|2 Dense],sparse_categorical_crossentropy,8,50,50,[0.4076225459575653, 0.8965517282485962]
[256 Dense|128 Dense|4 Dense],sparse_categorical_crossentropy,8,50,50,[0.3985674977302551, 0.9525862336158752]
[8 Dense|256 Dense|16 Dense],sparse_categorical_crossentropy,8,50,50,[0.2827615737915039, 0.9525862336158752]
[2 Dense|4 Dense|8 Dense],sparse_categorical_crossentropy,8,50,50,[0.42714065313339233, 0.892241358757019]
[4 Dense|4 Dense|64 Dense],sparse_categorical_crossentropy,8,50,50,[0.3631126284599304, 0.943965494632721]
[16 Dense|64 Dense|4 Dense],sparse_categorical_crossentropy,8,50,50,[0.3412322998046875, 0.9482758641242981]
[128 Dense|32 Dense|32 Dense],sparse_categorical_crossentropy,8,50,50,[0.31297433376312256, 0.9353448152542114]
[64 Dense|256 Dense|64 Dense],sparse_categorical_crossentropy,8,50,50,[0.47653844952583313, 0.9008620977401733]
[128 Dense|2 Dense|4 Dense],sparse_categorical_crossentropy,8,50,50,[0.4502269923686981, 0.8620689511299133]
[32 Dense|16 Dense|2 Dense],sparse_categorical_crossentropy,8,50,50,[0.3477003574371338, 0.9094827771186829]
[2 Dense|16 Dense|256 Dense],sparse_categorical_crossentropy,8,50,50,[0.4167291522026062, 0.875]
[64 Dense|128 Dense|128 Dense],sparse_categorical_crossentropy,8,50,50,[0.28520438075065613, 0.9568965435028076]
[2 Dense|8 Dense|16 Dense],sparse_categorical_crossentropy,8,50,50,[0.2836229205131531, 0.9181034564971924]
[64 Dense|16 Dense],sparse_categorical_crossentropy,8,50,50,[0.45193377137184143, 0.9482758641242981]
[32 Dense|32 Dense|2 Dense],sparse_categorical_crossentropy,8,50,50,[0.34669241309165955, 0.9094827771186829]
[8 Dense|32 Dense|64 Dense],sparse_categorical_crossentropy,8,50,50,[0.3981783986091614, 0.9482758641242981]
[4 Dense|256 Dense],sparse_categorical_crossentropy,8,50,50,[0.2846616804599762, 0.9612069129943848]
[8 Dense|4 Dense|256 Dense],sparse_categorical_crossentropy,8,50,50,[0.5670635104179382, 0.9482758641242981]
[128 Dense|32 Dense|16 Dense],sparse_categorical_crossentropy,8,50,50,[0.35554081201553345, 0.9525862336158752]
[128 Dense|4 Dense|32 Dense],sparse_categorical_crossentropy,8,50,50,[0.3263406455516815, 0.9698275923728943]
[128 Dense|128 Dense],sparse_categorical_crossentropy,8,50,50,[1.1240798234939575, 0.8534482717514038]
[8 Dense|64 Dense|16 Dense],sparse_categorical_crossentropy,8,50,50,[0.2813008427619934, 0.9612069129943848]
[64 Dense|4 Dense|128 Dense],sparse_categorical_crossentropy,8,50,50,[0.2897599935531616, 0.9741379022598267]
[128 Dense|8 Dense|128 Dense],sparse_categorical_crossentropy,8,50,50,[0.3107980489730835, 0.9525862336158752]
[32 Dense|8 Dense|2 Dense],sparse_categorical_crossentropy,8,50,50,[0.3182982802391052, 0.8534482717514038]
[2 Dense|4 Dense],sparse_categorical_crossentropy,8,50,50,[0.43982601165771484, 0.8620689511299133]
[16 Dense|16 Dense|256 Dense],sparse_categorical_crossentropy,8,50,50,[0.2708948254585266, 0.9482758641242981]
[8 Dense|32 Dense|32 Dense],sparse_categorical_crossentropy,8,50,50,[0.26423949003219604, 0.9482758641242981]
[4 Dense|16 Dense|256 Dense],sparse_categorical_crossentropy,8,50,50,[0.25526291131973267, 0.9698275923728943]
[16 Dense|256 Dense|256 Dense],sparse_categorical_crossentropy,8,50,50,[0.338997483253479, 0.9353448152542114]
[16 Dense|8 Dense|16 Dense],sparse_categorical_crossentropy,8,50,50,[0.38311126828193665, 0.9482758641242981]
[256 Dense|256 Dense|32 Dense],sparse_categorical_crossentropy,8,50,50,[0.469716340303421, 0.9008620977401733]
[16 Dense|128 Dense|2 Dense],sparse_categorical_crossentropy,8,50,50,[0.26921793818473816, 0.9137930870056152]
[128 Dense|4 Dense|8 Dense],sparse_categorical_crossentropy,8,50,50,[0.24633756279945374, 0.9482758641242981]
[4 Dense|256 Dense|2 Dense],sparse_categorical_crossentropy,8,50,50,[0.40899839997291565, 0.8663793206214905]
[64 Dense|64 Dense|64 Dense],sparse_categorical_crossentropy,8,50,50,[0.21799156069755554, 0.9698275923728943]
[32 Dense|64 Dense],sparse_categorical_crossentropy,8,50,50,[0.4012279808521271, 0.931034505367279]
[16 Dense|8 Dense|4 Dense],sparse_categorical_crossentropy,8,50,50,[0.2791525721549988, 0.9568965435028076]
[64 Dense|128 Dense|32 Dense],sparse_categorical_crossentropy,8,50,50,[0.5222538709640503, 0.8965517282485962]
[8 Dense|4 Dense|4 Dense],sparse_categorical_crossentropy,8,50,50,[0.2581471800804138, 0.9698275923728943]
[256 Dense|128 Dense|16 Dense],sparse_categorical_crossentropy,8,50,50,[0.2210828810930252, 0.9698275923728943]
[8 Dense|32 Dense|16 Dense],sparse_categorical_crossentropy,8,50,50,[0.3434028625488281, 0.9525862336158752]
[64 Dense|2 Dense|128 Dense],sparse_categorical_crossentropy,8,50,50,[0.3857958912849426, 0.9094827771186829]
[8 Dense|16 Dense|64 Dense],sparse_categorical_crossentropy,8,50,50,[0.1889668107032776, 0.9482758641242981]
[8 Dense|64 Dense|256 Dense],sparse_categorical_crossentropy,8,50,50,[0.409054160118103, 0.9525862336158752]
[32 Dense|32 Dense|4 Dense],sparse_categorical_crossentropy,8,50,50,[0.284690797328949, 0.9612069129943848]
[128 Dense|4 Dense|256 Dense],sparse_categorical_crossentropy,8,50,50,[0.28074491024017334, 0.9655172228813171]
[2 Dense|32 Dense|32 Dense],sparse_categorical_crossentropy,8,50,50,[0.3289976716041565, 0.8879310488700867]
[8 Dense|16 Dense|32 Dense],sparse_categorical_crossentropy,8,50,50,[0.2896592915058136, 0.9698275923728943]
[32 Dense|4 Dense|64 Dense],sparse_categorical_crossentropy,8,50,50,[0.4524320960044861, 0.9525862336158752]
[16 Dense|2 Dense|64 Dense],sparse_categorical_crossentropy,8,50,50,[0.2664279639720917, 0.943965494632721]
[4 Dense|2 Dense|64 Dense],sparse_categorical_crossentropy,8,50,50,[0.23679368197917938, 0.9568965435028076]
[16 Dense|32 Dense|4 Dense],sparse_categorical_crossentropy,8,50,50,[0.21331442892551422, 0.9612069129943848]
[16 Dense|16 Dense|8 Dense],sparse_categorical_crossentropy,8,50,50,[0.3076467216014862, 0.9568965435028076]
[32 Dense|32 Dense|256 Dense],sparse_categorical_crossentropy,8,50,50,[0.290770947933197, 0.9525862336158752]
[256 Dense|64 Dense|32 Dense],sparse_categorical_crossentropy,8,50,50,[0.2941857576370239, 0.943965494632721]
[4 Dense|64 Dense|256 Dense],sparse_categorical_crossentropy,8,50,50,[0.48284077644348145, 0.943965494632721]
[64 Dense|64 Dense|16 Dense],sparse_categorical_crossentropy,8,50,50,[0.32064351439476013, 0.943965494632721]
[128 Dense|2 Dense|2 Dense],sparse_categorical_crossentropy,8,50,50,[0.3712505102157593, 0.8491379022598267]
[64 Dense|64 Dense|8 Dense],sparse_categorical_crossentropy,8,50,50,[0.3710312247276306, 0.943965494632721]
[64 Dense|4 Dense|16 Dense],sparse_categorical_crossentropy,8,50,50,[0.27494004368782043, 0.9698275923728943]
[64 Dense|2 Dense|256 Dense],sparse_categorical_crossentropy,8,50,50,[0.36691799759864807, 0.9051724076271057]
[16 Dense|64 Dense|128 Dense],sparse_categorical_crossentropy,8,50,50,[0.48981785774230957, 0.931034505367279]
[8 Dense|8 Dense],sparse_categorical_crossentropy,8,50,50,[0.22379429638385773, 0.9741379022598267]
[256 Dense|16 Dense],sparse_categorical_crossentropy,8,50,50,[0.45751917362213135, 0.9137930870056152]
[2 Dense|8 Dense|4 Dense],sparse_categorical_crossentropy,8,50,50,[0.3563842177391052, 0.8491379022598267]
[128 Dense|64 Dense|2 Dense],sparse_categorical_crossentropy,8,50,50,[0.3614092469215393, 0.9094827771186829]
[4 Dense|4 Dense],sparse_categorical_crossentropy,8,50,50,[0.2866463363170624, 0.9655172228813171]
[2 Dense|256 Dense|16 Dense],sparse_categorical_crossentropy,8,50,50,[0.46649762988090515, 0.875]
[2 Dense|32 Dense|2 Dense],sparse_categorical_crossentropy,8,50,50,[0.40063560009002686, 0.8491379022598267]
[8 Dense|128 Dense|64 Dense],sparse_categorical_crossentropy,8,50,50,[0.2820848822593689, 0.9525862336158752]
[4 Dense|32 Dense|16 Dense],sparse_categorical_crossentropy,8,50,50,[0.3441084623336792, 0.9568965435028076]
[64 Dense|4 Dense],sparse_categorical_crossentropy,8,50,50,[0.359590619802475, 0.9568965435028076]
[32 Dense|64 Dense|2 Dense],sparse_categorical_crossentropy,8,50,50,[0.44878989458084106, 0.8706896305084229]
[16 Dense|64 Dense|32 Dense],sparse_categorical_crossentropy,8,50,50,[0.3066977560520172, 0.9482758641242981]
[128 Dense|32 Dense|4 Dense],sparse_categorical_crossentropy,8,50,50,[0.3190769553184509, 0.9482758641242981]
[4 Dense|8 Dense|8 Dense],sparse_categorical_crossentropy,8,50,50,[0.21496693789958954, 0.9655172228813171]
[256 Dense|64 Dense|4 Dense],sparse_categorical_crossentropy,8,50,50,[0.3636939823627472, 0.9525862336158752]
[16 Dense|4 Dense|4 Dense],sparse_categorical_crossentropy,8,50,50,[0.30988940596580505, 0.9655172228813171]
[32 Dense|4 Dense],sparse_categorical_crossentropy,8,50,50,[0.2090073823928833, 0.9655172228813171]
[64 Dense|8 Dense|4 Dense],sparse_categorical_crossentropy,8,50,50,[0.2936175763607025, 0.9698275923728943]
[4 Dense|64 Dense|16 Dense],sparse_categorical_crossentropy,8,50,50,[0.27204447984695435, 0.9655172228813171]
[256 Dense|64 Dense|16 Dense],sparse_categorical_crossentropy,8,50,50,[0.2763633728027344, 0.9568965435028076]
[2 Dense|4 Dense|4 Dense],sparse_categorical_crossentropy,8,50,50,[0.4473053812980652, 0.8318965435028076]
[2 Dense|32 Dense],sparse_categorical_crossentropy,8,50,50,[0.27580857276916504, 0.9396551847457886]
[8 Dense],sparse_categorical_crossentropy,8,50,50,[0.16573764383792877, 0.9741379022598267]
[128 Dense|128 Dense|16 Dense],sparse_categorical_crossentropy,8,50,50,[0.33739787340164185, 0.9525862336158752]
[4 Dense|16 Dense|16 Dense],sparse_categorical_crossentropy,8,50,50,[0.27452346682548523, 0.9396551847457886]
[32 Dense|2 Dense|8 Dense],sparse_categorical_crossentropy,8,50,50,[0.2993500232696533, 0.943965494632721]
[256 Dense|8 Dense|2 Dense],sparse_categorical_crossentropy,8,50,50,[0.5348749756813049, 0.8663793206214905]
[16 Dense|2 Dense|4 Dense],sparse_categorical_crossentropy,8,50,50,[0.28773465752601624, 0.9224137663841248]
[2 Dense|4 Dense|128 Dense],sparse_categorical_crossentropy,8,50,50,[0.45090413093566895, 0.857758641242981]
[2 Dense|16 Dense|16 Dense],sparse_categorical_crossentropy,8,50,50,[0.3907063901424408, 0.9008620977401733]
[4 Dense|8 Dense|2 Dense],sparse_categorical_crossentropy,8,50,50,[0.3741765320301056, 0.8103448152542114]
[64 Dense|4 Dense|2 Dense],sparse_categorical_crossentropy,8,50,50,[0.42463645339012146, 0.8663793206214905]
[32 Dense|32 Dense],sparse_categorical_crossentropy,8,50,50,[0.32292628288269043, 0.9482758641242981]
[8 Dense|32 Dense|4 Dense],sparse_categorical_crossentropy,8,50,50,[0.24849705398082733, 0.9698275923728943]
[32 Dense|4 Dense|2 Dense],sparse_categorical_crossentropy,8,50,50,[0.2399834543466568, 0.931034505367279]
[128 Dense|2 Dense|256 Dense],sparse_categorical_crossentropy,8,50,50,[0.41250506043434143, 0.9008620977401733]
[128 Dense|8 Dense|16 Dense],sparse_categorical_crossentropy,8,50,50,[0.33077821135520935, 0.9482758641242981]
[256 Dense|256 Dense|16 Dense],sparse_categorical_crossentropy,8,50,50,[0.24550072848796844, 0.9612069129943848]
[256 Dense|2 Dense|32 Dense],sparse_categorical_crossentropy,8,50,50,[0.24097992479801178, 0.9396551847457886]
[64 Dense|64 Dense|2 Dense],sparse_categorical_crossentropy,8,50,50,[0.384794682264328, 0.892241358757019]
[64 Dense|2 Dense],sparse_categorical_crossentropy,8,50,50,[0.37755417823791504, 0.8836206793785095]
[8 Dense|128 Dense|32 Dense],sparse_categorical_crossentropy,8,50,50,[0.48603031039237976, 0.9267241358757019]
